Timestamp,Location,TDS,pH,Hardness,Nitrate,Sulfate,Chloride,Conductivity,Turbidity,RiskScore,Element,Isotope
2026-05-05 16:23:57,Chennai Lab Sample,650.0,7.61,268.44,31.83,94.12,127.99,1046.13,9.11,5,Radium,²²⁶Ra
2026-05-05 16:24:10,Avadi Well Water,1100.0,8.55,440.74,55.73,168.24,222.37,1662.21,18.26,22,Uranium,²³⁸U
2026-05-05 16:37:13,Nenmeli Groundwater,850.0,8.3,334.72,41.68,127.03,167.39,1340.83,13.23,10,Uranium,²³⁸U
2026-05-05 16:38:39,chennai,250.0,6.83,99.67,12.67,37.51,49.22,375.08,1.2,0,Radon,²²²Rn
2026-05-05 16:45:54,chengalpet,476.0,7.55,188.77,23.6,69.96,94.2,766.94,5.61,0,Radon,²²²Rn
2026-05-05 16:55:33,ESP32 Sensor,1681.9,9.5,674.17,88.27,262.01,330.25,2600.34,30.06,62,Cesium,¹³⁷Cs
2026-05-05 16:55:38,ESP32 Sensor,1686.9,9.5,652.57,81.23,248.08,332.55,2681.36,29.89,59,Cesium,¹³⁷Cs
2026-05-05 16:55:44,ESP32 Sensor,1684.5,9.5,684.9,82.84,248.21,344.76,2506.32,29.99,61,Cesium,¹³⁷Cs
2026-05-05 16:55:48,ESP32 Sensor,1686.1,9.5,645.56,80.93,247.68,343.97,2714.47,30.07,59,Cesium,¹³⁷Cs
2026-05-05 16:55:53,ESP32 Sensor,1688.2,9.5,661.01,86.14,252.0,325.98,2522.14,30.03,60,Cesium,¹³⁷Cs
2026-05-05 16:55:59,ESP32 Sensor,1688.4,9.5,698.35,83.08,264.28,321.79,2628.87,30.25,61,Cesium,¹³⁷Cs
2026-05-05 16:56:03,ESP32 Sensor,1689.4,9.5,685.53,85.82,263.79,327.86,2716.59,30.11,62,Cesium,¹³⁷Cs
2026-05-05 16:56:09,ESP32 Sensor,1691.1,9.5,704.47,80.4,241.07,348.21,2526.16,30.19,60,Cesium,¹³⁷Cs
2026-05-05 16:56:13,ESP32 Sensor,1691.1,9.5,682.93,86.1,250.3,335.91,2610.72,30.04,61,Cesium,¹³⁷Cs
2026-05-05 16:56:19,ESP32 Sensor,1691.3,9.5,709.98,83.86,243.25,344.5,2627.29,30.02,62,Cesium,¹³⁷Cs
2026-05-05 16:56:24,ESP32 Sensor,1691.4,9.5,676.16,87.75,259.99,329.53,2632.33,30.03,62,Cesium,¹³⁷Cs
2026-05-05 16:56:28,ESP32 Sensor,1692.8,9.5,655.41,80.74,246.5,352.71,2505.37,30.28,59,Cesium,¹³⁷Cs
2026-05-05 16:56:34,ESP32 Sensor,1691.4,9.5,648.99,84.99,250.02,349.37,2578.56,30.08,60,Cesium,¹³⁷Cs
2026-05-05 16:56:38,ESP32 Sensor,1692.9,9.5,698.37,83.46,265.97,345.91,2687.33,30.34,62,Cesium,¹³⁷Cs
2026-05-05 16:56:44,ESP32 Sensor,1691.6,9.5,689.02,85.25,265.63,324.26,2719.14,30.03,61,Cesium,¹³⁷Cs
2026-05-05 16:56:48,ESP32 Sensor,1692.1,9.5,708.99,83.19,262.8,340.76,2706.91,30.1,62,Cesium,¹³⁷Cs
2026-05-05 16:56:54,ESP32 Sensor,1692.8,9.5,653.12,86.66,252.48,337.0,2489.86,30.3,61,Cesium,¹³⁷Cs
2026-05-05 16:56:58,ESP32 Sensor,1692.7,9.5,649.5,86.51,252.87,344.85,2665.23,30.29,61,Cesium,¹³⁷Cs
2026-05-05 16:57:04,ESP32 Sensor,1693.0,9.5,700.75,84.7,249.88,354.53,2633.29,30.01,62,Cesium,¹³⁷Cs
2026-05-05 16:57:09,ESP32 Sensor,1694.1,9.5,658.01,87.42,250.99,322.34,2703.25,30.25,61,Cesium,¹³⁷Cs
2026-05-05 16:57:16,ESP32 Sensor,1692.3,9.5,682.58,82.68,249.08,329.12,2543.58,30.3,60,Cesium,¹³⁷Cs
2026-05-05 16:57:21,ESP32 Sensor,1694.1,9.5,694.9,83.05,261.99,355.56,2526.61,30.2,62,Cesium,¹³⁷Cs
2026-05-05 16:57:23,ESP32 Sensor,1694.7,9.5,664.83,85.79,241.85,341.28,2604.26,29.96,61,Cesium,¹³⁷Cs
2026-05-05 16:57:28,ESP32 Sensor,1695.0,9.5,697.83,82.26,264.39,337.71,2643.06,29.96,61,Cesium,¹³⁷Cs
2026-05-05 16:57:33,ESP32 Sensor,1697.2,9.5,702.32,82.78,246.68,328.23,2545.99,30.16,61,Cesium,¹³⁷Cs
2026-05-05 16:57:39,ESP32 Sensor,1699.3,9.5,660.56,83.61,260.74,346.54,2553.93,30.34,61,Cesium,¹³⁷Cs
2026-05-05 16:57:43,ESP32 Sensor,1698.3,9.5,672.82,85.84,263.48,323.58,2527.98,30.36,61,Cesium,¹³⁷Cs
2026-05-05 16:57:49,ESP32 Sensor,1701.0,9.5,673.32,83.4,264.7,326.5,2566.92,30.28,60,Cesium,¹³⁷Cs
2026-05-05 16:57:54,ESP32 Sensor,1697.6,9.5,671.01,86.68,252.8,328.48,2585.96,30.04,61,Cesium,¹³⁷Cs
2026-05-05 16:57:59,ESP32 Sensor,1700.3,9.5,710.36,87.46,258.82,336.1,2645.36,30.24,63,Cesium,¹³⁷Cs
2026-05-05 16:58:06,ESP32 Sensor,1701.2,9.5,674.63,81.43,242.76,337.5,2640.9,30.11,60,Cesium,¹³⁷Cs
2026-05-05 16:58:09,ESP32 Sensor,1701.1,9.5,655.23,85.01,248.97,355.26,2622.91,30.46,61,Cesium,¹³⁷Cs
2026-05-05 16:58:13,ESP32 Sensor,1703.5,9.5,695.16,85.7,251.59,356.49,2679.26,30.3,63,Cesium,¹³⁷Cs
2026-05-05 16:58:19,ESP32 Sensor,1705.3,9.5,654.24,83.62,266.61,328.89,2589.51,30.29,60,Cesium,¹³⁷Cs
2026-05-05 16:58:24,ESP32 Sensor,1703.8,9.5,655.95,88.41,267.71,357.04,2664.95,30.5,63,Cesium,¹³⁷Cs
2026-05-05 16:58:28,ESP32 Sensor,1705.8,9.5,663.12,81.35,261.6,354.7,2676.85,30.44,60,Cesium,¹³⁷Cs
2026-05-05 16:58:34,ESP32 Sensor,1703.7,9.5,698.8,86.69,264.75,335.71,2684.59,30.42,63,Cesium,¹³⁷Cs
2026-05-05 16:58:38,ESP32 Sensor,1706.9,9.5,653.67,81.42,267.58,350.18,2575.46,30.27,60,Cesium,¹³⁷Cs
2026-05-05 16:58:44,ESP32 Sensor,1706.0,9.5,659.88,81.09,245.12,331.98,2739.64,30.13,59,Cesium,¹³⁷Cs
2026-05-05 16:58:49,ESP32 Sensor,1704.6,9.5,684.41,87.75,260.95,340.24,2719.79,30.52,63,Cesium,¹³⁷Cs
2026-05-05 16:58:53,ESP32 Sensor,1705.9,9.5,685.16,81.18,263.58,335.7,2524.88,30.39,60,Cesium,¹³⁷Cs
2026-05-05 16:58:59,ESP32 Sensor,1706.8,9.5,675.93,83.49,265.61,348.56,2577.78,30.52,61,Cesium,¹³⁷Cs
2026-05-05 16:59:04,ESP32 Sensor,1707.0,9.5,702.49,82.81,246.24,357.63,2757.32,30.46,62,Cesium,¹³⁷Cs
2026-05-05 16:59:08,ESP32 Sensor,1707.6,9.5,668.81,89.17,247.06,324.86,2739.96,30.48,62,Cesium,¹³⁷Cs
2026-05-05 16:59:14,ESP32 Sensor,1708.7,9.5,684.71,82.51,268.88,340.09,2548.42,30.45,61,Cesium,¹³⁷Cs
2026-05-05 16:59:19,ESP32 Sensor,1708.2,9.5,651.99,81.51,268.11,331.43,2519.68,30.31,59,Cesium,¹³⁷Cs
2026-05-05 16:59:24,ESP32 Sensor,1709.5,9.5,707.25,89.42,268.7,340.9,2623.77,30.64,65,Cesium,¹³⁷Cs
2026-05-05 16:59:28,ESP32 Sensor,1710.3,9.5,655.83,88.21,253.48,327.27,2546.74,30.46,62,Cesium,¹³⁷Cs
2026-05-05 16:59:34,ESP32 Sensor,1709.3,9.5,663.74,86.52,246.59,341.04,2621.38,30.34,61,Cesium,¹³⁷Cs
2026-05-05 16:59:38,ESP32 Sensor,1710.2,9.5,657.9,87.74,256.12,345.09,2547.17,30.39,62,Cesium,¹³⁷Cs
2026-05-05 16:59:44,ESP32 Sensor,1706.8,9.5,705.64,85.46,268.52,343.66,2645.64,30.14,63,Cesium,¹³⁷Cs
2026-05-05 16:59:48,ESP32 Sensor,1706.4,9.5,665.02,89.3,255.85,350.5,2675.85,30.18,63,Cesium,¹³⁷Cs
2026-05-05 16:59:54,ESP32 Sensor,1708.0,9.5,704.76,81.38,259.28,325.22,2727.21,30.48,61,Cesium,¹³⁷Cs
2026-05-05 16:59:59,ESP32 Sensor,1709.2,9.5,681.61,82.94,261.11,351.75,2524.53,30.54,61,Cesium,¹³⁷Cs
2026-05-05 17:00:06,ESP32 Sensor,1708.8,9.5,697.06,89.46,261.08,354.43,2635.7,30.32,64,Cesium,¹³⁷Cs
2026-05-05 17:00:09,ESP32 Sensor,1709.9,9.5,710.03,88.73,250.35,355.55,2543.01,30.3,64,Cesium,¹³⁷Cs
2026-05-05 17:00:14,ESP32 Sensor,1712.2,9.5,705.57,81.72,263.69,330.6,2616.24,30.43,61,Cesium,¹³⁷Cs
2026-05-05 17:00:21,ESP32 Sensor,1718.2,9.5,680.83,85.7,251.39,337.92,2525.46,30.82,62,Cesium,¹³⁷Cs
2026-05-05 17:00:26,ESP32 Sensor,1716.4,9.5,697.03,89.56,250.82,351.7,2643.07,30.36,64,Cesium,¹³⁷Cs
2026-05-05 17:00:31,ESP32 Sensor,1717.7,9.5,718.86,88.02,269.96,326.67,2534.44,30.56,64,Cesium,¹³⁷Cs
2026-05-05 17:00:36,ESP32 Sensor,1713.1,9.5,706.34,82.1,257.37,346.89,2574.14,30.4,62,Cesium,¹³⁷Cs
2026-05-05 17:00:41,ESP32 Sensor,1713.2,9.5,717.56,86.99,251.12,347.48,2628.78,30.51,64,Cesium,¹³⁷Cs
2026-05-05 17:00:43,ESP32 Sensor,1714.0,9.5,703.62,89.45,247.1,341.34,2711.47,30.56,64,Cesium,¹³⁷Cs
2026-05-05 17:00:49,ESP32 Sensor,1714.0,9.5,688.08,85.87,260.1,343.77,2618.18,30.48,62,Cesium,¹³⁷Cs
2026-05-05 17:00:56,ESP32 Sensor,1715.8,9.5,665.35,83.77,261.88,338.06,2541.72,30.37,61,Cesium,¹³⁷Cs
2026-05-05 17:01:01,ESP32 Sensor,1714.3,9.5,681.13,87.1,251.15,349.13,2666.38,30.57,63,Cesium,¹³⁷Cs
2026-05-05 17:01:06,ESP32 Sensor,1709.2,9.5,669.41,82.48,245.4,344.8,2667.54,30.64,60,Cesium,¹³⁷Cs
2026-05-05 17:01:08,ESP32 Sensor,1708.0,9.5,668.62,81.35,266.01,327.31,2736.7,30.17,60,Cesium,¹³⁷Cs
2026-05-05 17:01:16,ESP32 Sensor,1707.1,9.5,689.32,86.41,247.07,339.79,2634.41,30.52,62,Cesium,¹³⁷Cs
2026-05-05 17:01:18,ESP32 Sensor,1706.3,9.5,711.64,86.04,244.97,326.82,2716.09,30.15,62,Cesium,¹³⁷Cs
2026-05-05 17:01:24,ESP32 Sensor,1705.2,9.5,709.38,89.46,265.96,341.83,2713.99,30.46,64,Cesium,¹³⁷Cs
2026-05-05 17:01:28,ESP32 Sensor,1703.4,9.5,703.75,81.81,253.38,323.74,2638.27,30.2,61,Cesium,¹³⁷Cs
2026-05-05 17:01:34,ESP32 Sensor,1705.1,9.5,652.1,85.28,247.73,331.8,2752.86,30.54,60,Cesium,¹³⁷Cs
2026-05-05 17:01:38,ESP32 Sensor,1707.8,9.5,654.84,81.83,251.9,350.53,2599.33,30.37,60,Cesium,¹³⁷Cs
2026-05-05 17:01:44,ESP32 Sensor,1710.8,9.5,673.79,87.2,245.16,351.17,2572.86,30.59,62,Cesium,¹³⁷Cs
2026-05-05 17:01:48,ESP32 Sensor,1709.6,9.5,712.4,88.71,248.29,345.78,2534.93,30.55,64,Cesium,¹³⁷Cs
2026-05-05 17:01:54,ESP32 Sensor,1709.6,9.5,713.84,84.93,258.27,335.3,2718.36,30.47,63,Cesium,¹³⁷Cs
2026-05-05 17:01:59,ESP32 Sensor,1710.8,9.5,700.61,85.4,267.66,327.71,2585.69,30.58,62,Cesium,¹³⁷Cs
2026-05-05 17:02:03,ESP32 Sensor,1712.5,9.5,718.97,87.24,247.85,333.87,2503.58,30.71,63,Cesium,¹³⁷Cs
2026-05-05 17:02:09,ESP32 Sensor,1708.6,9.5,654.11,85.11,259.75,329.75,2686.5,30.63,61,Cesium,¹³⁷Cs
2026-05-05 17:02:14,ESP32 Sensor,1711.3,9.5,660.51,87.77,243.89,326.45,2697.31,30.39,61,Cesium,¹³⁷Cs
2026-05-05 17:02:18,ESP32 Sensor,1712.3,9.5,709.63,83.58,261.7,355.05,2533.12,30.31,63,Cesium,¹³⁷Cs
2026-05-05 17:02:24,ESP32 Sensor,1709.6,9.5,691.22,82.76,247.79,344.25,2729.54,30.21,61,Cesium,¹³⁷Cs
2026-05-05 17:02:28,ESP32 Sensor,1712.2,9.5,716.63,82.93,260.41,333.56,2754.39,30.49,62,Cesium,¹³⁷Cs
2026-05-05 17:02:34,ESP32 Sensor,1712.0,9.5,683.38,89.43,258.51,344.87,2580.46,30.69,64,Cesium,¹³⁷Cs
2026-05-05 17:02:39,ESP32 Sensor,1713.5,9.5,695.53,83.02,260.71,347.92,2676.41,30.56,62,Cesium,¹³⁷Cs
2026-05-05 17:02:43,ESP32 Sensor,1712.2,9.5,681.07,81.7,245.17,356.44,2662.98,30.62,61,Cesium,¹³⁷Cs
2026-05-05 17:02:49,ESP32 Sensor,1714.2,9.5,667.24,83.2,261.04,332.78,2759.97,30.72,61,Cesium,¹³⁷Cs
2026-05-05 17:02:54,ESP32 Sensor,1711.9,9.5,710.17,88.82,249.65,351.15,2622.13,30.7,64,Cesium,¹³⁷Cs
2026-05-05 17:02:58,ESP32 Sensor,1716.4,9.5,712.09,84.73,246.13,332.19,2772.24,30.62,62,Cesium,¹³⁷Cs
2026-05-05 17:03:04,ESP32 Sensor,1715.9,9.5,672.96,89.83,262.48,345.32,2687.27,30.71,64,Cesium,¹³⁷Cs
2026-05-05 17:03:09,ESP32 Sensor,1714.3,9.5,693.59,87.33,268.4,338.4,2703.39,30.51,63,Cesium,¹³⁷Cs
2026-05-05 17:03:16,ESP32 Sensor,1713.5,9.5,679.33,85.64,260.96,335.77,2675.3,30.39,62,Cesium,¹³⁷Cs
2026-05-05 17:03:18,ESP32 Sensor,1715.2,9.5,677.51,83.61,264.73,334.41,2762.54,30.49,61,Cesium,¹³⁷Cs
2026-05-05 17:03:23,ESP32 Sensor,1718.2,9.5,695.47,86.96,249.92,343.53,2644.43,30.41,63,Cesium,¹³⁷Cs
2026-05-05 17:03:29,ESP32 Sensor,1719.1,9.5,703.51,86.97,263.06,350.98,2563.58,30.56,64,Cesium,¹³⁷Cs
2026-05-05 17:03:33,ESP32 Sensor,1719.3,9.5,712.54,86.87,263.13,335.38,2597.41,30.68,64,Cesium,¹³⁷Cs
2026-05-05 17:03:38,ESP32 Sensor,1723.6,9.5,677.27,84.28,245.89,337.08,2541.53,30.72,61,Cesium,¹³⁷Cs
2026-05-05 17:03:43,ESP32 Sensor,1724.5,9.5,699.52,81.94,263.24,332.29,2543.75,30.86,61,Cesium,¹³⁷Cs
2026-05-05 17:03:48,ESP32 Sensor,1723.7,9.5,666.08,87.37,251.71,355.91,2579.56,30.7,63,Cesium,¹³⁷Cs
2026-05-05 17:03:53,ESP32 Sensor,1722.6,9.5,656.61,82.52,251.39,353.7,2635.01,30.77,60,Cesium,¹³⁷Cs
2026-05-05 17:04:01,ESP32 Sensor,1717.5,9.5,655.84,84.71,258.67,333.24,2553.58,30.69,61,Cesium,¹³⁷Cs
2026-05-05 17:04:03,ESP32 Sensor,1717.7,9.5,718.16,86.73,257.87,335.66,2542.46,30.4,64,Cesium,¹³⁷Cs
2026-05-05 17:04:08,ESP32 Sensor,1721.6,9.5,674.64,85.52,263.16,340.73,2716.74,30.93,62,Cesium,¹³⁷Cs
2026-05-05 17:04:14,ESP32 Sensor,1718.2,9.5,659.03,82.59,251.41,327.46,2656.13,30.46,60,Cesium,¹³⁷Cs
2026-05-05 17:04:19,ESP32 Sensor,1723.9,9.5,676.61,88.08,263.58,333.78,2783.0,30.78,63,Cesium,¹³⁷Cs
2026-05-05 17:04:23,ESP32 Sensor,1725.6,9.5,724.09,90.52,267.36,342.06,2775.76,30.65,66,Cesium,¹³⁷Cs
2026-05-05 17:04:29,ESP32 Sensor,1725.7,9.5,676.69,87.99,258.72,346.79,2752.14,31.01,63,Cesium,¹³⁷Cs
2026-05-05 17:04:33,ESP32 Sensor,1727.5,9.5,691.7,88.58,251.33,341.14,2542.99,30.85,63,Cesium,¹³⁷Cs
2026-05-05 17:04:39,ESP32 Sensor,1731.2,9.5,674.01,83.78,259.79,331.61,2567.13,30.87,61,Cesium,¹³⁷Cs
2026-05-05 17:04:44,ESP32 Sensor,1728.8,9.5,690.81,87.17,266.69,343.84,2733.22,30.91,63,Cesium,¹³⁷Cs
2026-05-05 17:04:49,ESP32 Sensor,1732.4,9.5,711.14,84.94,253.24,342.78,2767.69,30.99,63,Cesium,¹³⁷Cs
2026-05-05 17:04:53,ESP32 Sensor,1732.8,9.5,660.99,89.13,264.49,343.2,2568.29,30.78,63,Cesium,¹³⁷Cs
2026-05-05 17:04:59,ESP32 Sensor,1728.7,9.5,722.81,88.2,266.01,356.0,2680.32,30.75,65,Cesium,¹³⁷Cs
2026-05-05 17:05:03,ESP32 Sensor,1732.2,9.5,679.63,86.58,253.41,332.02,2660.4,30.74,62,Cesium,¹³⁷Cs
2026-05-05 17:05:09,ESP32 Sensor,1733.5,9.5,676.27,90.74,256.14,351.59,2571.49,30.86,64,Cesium,¹³⁷Cs
2026-05-05 17:05:13,ESP32 Sensor,1735.1,9.5,663.74,85.75,261.48,349.53,2802.46,31.16,62,Cesium,¹³⁷Cs
2026-05-05 17:05:18,ESP32 Sensor,1736.5,9.5,720.41,85.1,250.48,345.88,2784.96,30.96,63,Cesium,¹³⁷Cs
2026-05-05 17:05:23,ESP32 Sensor,1731.4,9.5,712.68,86.93,261.89,330.22,2668.66,30.69,64,Cesium,¹³⁷Cs
2026-05-05 17:05:28,ESP32 Sensor,1735.3,9.5,704.85,88.13,264.59,349.52,2740.72,31.19,65,Cesium,¹³⁷Cs
2026-05-05 17:05:34,ESP32 Sensor,1737.1,9.5,699.81,83.91,257.53,358.1,2599.7,30.97,63,Cesium,¹³⁷Cs
2026-05-05 17:05:38,ESP32 Sensor,1737.7,9.5,713.48,83.92,269.18,333.61,2603.65,30.95,63,Cesium,¹³⁷Cs
2026-05-05 17:05:43,ESP32 Sensor,1738.3,9.5,722.37,86.9,259.78,353.51,2565.15,31.13,65,Cesium,¹³⁷Cs
2026-05-05 17:05:49,ESP32 Sensor,1743.7,9.5,676.94,84.24,254.5,357.62,2616.69,30.9,62,Cesium,¹³⁷Cs
2026-05-05 17:05:53,ESP32 Sensor,1744.7,9.5,718.65,83.05,264.34,358.27,2746.25,31.13,64,Cesium,¹³⁷Cs
2026-05-05 17:05:59,ESP32 Sensor,1745.3,9.5,690.11,84.82,264.63,350.66,2644.04,31.23,63,Cesium,¹³⁷Cs
2026-05-05 17:06:03,ESP32 Sensor,1744.4,9.5,724.88,83.67,274.67,347.98,2813.67,31.05,64,Cesium,¹³⁷Cs
2026-05-05 17:06:09,ESP32 Sensor,1745.9,9.5,712.01,83.98,250.42,338.43,2574.99,31.41,63,Cesium,¹³⁷Cs
2026-05-05 17:06:13,ESP32 Sensor,1746.2,9.5,684.58,84.51,266.64,334.26,2778.19,31.11,62,Cesium,¹³⁷Cs
2026-05-05 17:06:19,ESP32 Sensor,1747.1,9.5,690.44,88.04,266.46,356.17,2675.37,31.43,64,Cesium,¹³⁷Cs
2026-05-05 17:06:24,ESP32 Sensor,1746.7,9.5,675.06,91.21,253.69,366.77,2672.28,31.25,65,Cesium,¹³⁷Cs
2026-05-05 17:06:29,ESP32 Sensor,1747.7,9.5,671.99,88.99,253.06,349.29,2658.53,31.02,64,Cesium,¹³⁷Cs
2026-05-05 17:06:34,ESP32 Sensor,1750.0,9.5,701.75,86.94,251.47,349.71,2775.0,31.38,64,Cesium,¹³⁷Cs
2026-05-05 17:06:43,ESP32 Sensor,1750.3,9.5,716.46,85.88,261.07,358.55,2632.41,31.45,65,Cesium,¹³⁷Cs
2026-05-05 17:06:45,ESP32 Sensor,1749.9,9.5,687.38,86.19,266.59,355.19,2568.87,31.15,64,Cesium,¹³⁷Cs
2026-05-05 17:06:49,ESP32 Sensor,1751.4,9.5,716.96,83.2,271.1,365.11,2649.53,31.38,64,Cesium,¹³⁷Cs
2026-05-05 17:06:55,ESP32 Sensor,1751.7,9.5,692.07,85.9,256.87,367.07,2802.16,31.44,64,Cesium,¹³⁷Cs
2026-05-05 17:06:59,ESP32 Sensor,1751.2,9.5,719.16,85.98,271.26,347.66,2781.08,31.3,65,Cesium,¹³⁷Cs
2026-05-05 17:07:05,ESP32 Sensor,1753.8,9.5,733.54,92.04,256.79,333.58,2617.26,31.42,66,Cesium,¹³⁷Cs
2026-05-05 17:07:10,ESP32 Sensor,1751.4,9.5,721.89,84.27,253.04,354.06,2701.03,31.31,64,Cesium,¹³⁷Cs
2026-05-05 17:07:15,ESP32 Sensor,1756.9,9.5,724.99,90.73,256.69,341.65,2725.9,31.47,66,Cesium,¹³⁷Cs
2026-05-05 17:07:19,ESP32 Sensor,1754.6,9.5,733.76,91.36,276.14,356.37,2832.04,31.19,68,Cesium,¹³⁷Cs
2026-05-05 17:07:25,ESP32 Sensor,1751.6,9.5,718.65,88.61,262.6,341.57,2606.71,31.03,65,Cesium,¹³⁷Cs
2026-05-05 17:07:29,ESP32 Sensor,1752.9,9.5,728.66,85.17,272.04,334.91,2728.79,31.55,64,Cesium,¹³⁷Cs
2026-05-05 17:07:35,ESP32 Sensor,1753.7,9.5,702.62,83.89,259.98,348.01,2709.08,31.49,63,Cesium,¹³⁷Cs
2026-05-05 17:07:39,ESP32 Sensor,1751.0,9.5,667.41,91.43,275.0,343.59,2762.18,31.51,65,Cesium,¹³⁷Cs
2026-05-05 17:07:45,ESP32 Sensor,1752.3,9.5,706.7,86.05,272.92,345.9,2570.88,31.06,64,Cesium,¹³⁷Cs
2026-05-05 17:07:50,ESP32 Sensor,1753.7,9.5,684.87,86.03,272.25,343.94,2671.66,31.34,63,Cesium,¹³⁷Cs
2026-05-05 17:07:55,ESP32 Sensor,1753.4,9.5,670.22,87.14,265.08,347.34,2733.59,31.48,63,Cesium,¹³⁷Cs
2026-05-05 17:08:00,ESP32 Sensor,1752.1,9.5,722.81,86.48,267.88,334.37,2804.98,31.22,64,Cesium,¹³⁷Cs
2026-05-05 17:08:05,ESP32 Sensor,1752.9,9.5,712.24,86.66,267.95,351.44,2580.04,31.19,65,Cesium,¹³⁷Cs
2026-05-05 17:08:10,ESP32 Sensor,1751.5,9.5,733.3,88.44,251.56,367.23,2755.7,31.15,66,Cesium,¹³⁷Cs
2026-05-05 17:08:14,ESP32 Sensor,1750.9,9.5,692.13,84.34,270.54,335.19,2726.73,31.2,63,Cesium,¹³⁷Cs
2026-05-05 17:08:19,ESP32 Sensor,1752.4,9.5,680.18,85.8,259.15,337.22,2705.75,31.21,63,Cesium,¹³⁷Cs
2026-05-05 17:08:24,ESP32 Sensor,1751.3,9.5,727.14,88.31,274.76,351.43,2649.74,31.23,66,Cesium,¹³⁷Cs
2026-05-05 17:08:30,ESP32 Sensor,1749.5,9.5,700.19,90.78,258.64,334.59,2799.46,31.31,65,Cesium,¹³⁷Cs
2026-05-05 17:08:35,ESP32 Sensor,1749.4,9.5,676.61,85.85,264.2,342.47,2582.31,31.43,63,Cesium,¹³⁷Cs
2026-05-05 17:08:42,ESP32 Sensor,1747.9,9.5,693.67,84.52,261.13,350.22,2744.37,31.09,63,Cesium,¹³⁷Cs
2026-05-05 17:08:47,ESP32 Sensor,1754.5,9.5,701.83,91.75,257.17,358.44,2730.87,31.11,66,Cesium,¹³⁷Cs
2026-05-05 17:08:49,ESP32 Sensor,1755.4,9.5,698.15,85.5,276.23,343.81,2813.33,31.22,64,Cesium,¹³⁷Cs
2026-05-05 17:08:57,ESP32 Sensor,1756.6,9.5,693.92,91.39,252.55,357.24,2654.59,31.62,66,Cesium,¹³⁷Cs
2026-05-05 17:08:59,ESP32 Sensor,1755.3,9.5,671.8,89.38,265.24,351.38,2807.19,31.34,64,Cesium,¹³⁷Cs
2026-05-05 17:09:05,ESP32 Sensor,1758.2,9.5,714.59,92.08,267.62,366.92,2575.12,31.61,67,Cesium,¹³⁷Cs
2026-05-05 17:09:09,ESP32 Sensor,1760.5,9.5,729.92,91.04,256.85,347.65,2624.55,31.67,67,Cesium,¹³⁷Cs
2026-05-05 17:09:15,ESP32 Sensor,1757.8,9.5,673.09,91.71,264.26,346.87,2795.92,31.23,65,Cesium,¹³⁷Cs
2026-05-05 17:09:22,ESP32 Sensor,1759.0,9.5,698.37,89.45,272.65,349.99,2705.17,31.43,65,Cesium,¹³⁷Cs
2026-05-05 17:09:25,ESP32 Sensor,1760.5,9.5,720.32,89.37,273.88,336.75,2684.89,31.48,66,Cesium,¹³⁷Cs
2026-05-05 17:09:29,ESP32 Sensor,1759.3,9.5,737.25,87.75,274.15,348.15,2785.5,31.69,66,Cesium,¹³⁷Cs
2026-05-05 17:09:35,ESP32 Sensor,1760.9,9.5,713.39,90.06,258.13,368.67,2577.2,31.53,66,Cesium,¹³⁷Cs
2026-05-05 17:09:40,ESP32 Sensor,1762.4,9.5,733.13,87.2,274.46,344.04,2721.4,31.55,66,Cesium,¹³⁷Cs
2026-05-05 17:09:44,ESP32 Sensor,1761.6,9.5,702.29,83.95,276.06,355.93,2589.86,31.61,64,Cesium,¹³⁷Cs
2026-05-05 17:09:50,ESP32 Sensor,1761.5,9.5,709.78,89.76,268.18,344.75,2840.36,31.68,66,Cesium,¹³⁷Cs
2026-05-05 17:09:54,ESP32 Sensor,1762.8,9.5,726.0,90.15,261.88,362.31,2614.21,31.49,67,Cesium,¹³⁷Cs
2026-05-05 17:10:00,ESP32 Sensor,1762.8,9.5,695.77,91.72,264.71,348.04,2760.65,31.65,66,Cesium,¹³⁷Cs
2026-05-05 17:10:04,ESP32 Sensor,1763.6,9.5,699.33,89.74,263.78,339.68,2730.41,31.58,65,Cesium,¹³⁷Cs
2026-05-05 17:10:10,ESP32 Sensor,1762.4,9.5,703.53,87.81,267.14,362.4,2684.89,31.6,65,Cesium,¹³⁷Cs
2026-05-05 17:10:15,ESP32 Sensor,1761.0,9.5,684.99,88.4,274.22,337.57,2639.15,31.58,64,Cesium,¹³⁷Cs
2026-05-05 17:10:20,ESP32 Sensor,1761.7,9.5,722.27,88.09,260.14,345.64,2677.65,31.64,65,Cesium,¹³⁷Cs
2026-05-05 17:10:24,ESP32 Sensor,1762.2,9.5,675.53,88.94,270.19,353.22,2751.04,31.44,65,Cesium,¹³⁷Cs
2026-05-05 17:10:30,ESP32 Sensor,1761.0,9.5,682.46,86.92,265.37,337.28,2634.11,31.42,63,Cesium,¹³⁷Cs
2026-05-05 17:10:35,ESP32 Sensor,1761.3,9.5,673.96,89.23,259.62,368.41,2593.94,31.36,65,Cesium,¹³⁷Cs
2026-05-05 17:10:40,ESP32 Sensor,1766.4,9.5,684.52,90.66,263.81,348.91,2801.22,31.45,65,Cesium,¹³⁷Cs
2026-05-05 17:10:44,ESP32 Sensor,1767.2,9.5,715.57,88.81,276.29,339.0,2848.19,31.81,66,Cesium,¹³⁷Cs
2026-05-05 17:10:50,ESP32 Sensor,1767.8,9.5,717.43,91.64,270.77,354.06,2617.75,31.64,67,Cesium,¹³⁷Cs
2026-05-05 17:10:54,ESP32 Sensor,1769.1,9.5,697.12,86.55,277.85,346.68,2857.55,31.73,65,Cesium,¹³⁷Cs
2026-05-05 17:11:00,ESP32 Sensor,1773.1,9.5,721.62,92.21,268.85,341.26,2669.78,31.58,67,Cesium,¹³⁷Cs
2026-05-05 17:11:05,"CMWSSB Division 200, Chennai, Tamil Nadu",1774.9,9.5,704.25,92.63,272.4,343.01,2638.04,31.57,67,Cesium,¹³⁷Cs
2026-05-05 17:11:09,"CMWSSB Division 200, Chennai, Tamil Nadu",1773.7,9.5,677.11,84.65,261.6,352.39,2773.43,31.63,63,Cesium,¹³⁷Cs
2026-05-05 17:11:15,"CMWSSB Division 200, Chennai, Tamil Nadu",1775.9,9.5,741.61,91.28,271.49,352.09,2716.31,31.68,68,Cesium,¹³⁷Cs
2026-05-05 17:11:19,"CMWSSB Division 200, Chennai, Tamil Nadu",1775.3,9.5,718.34,84.92,264.78,338.37,2788.91,31.65,64,Cesium,¹³⁷Cs
2026-05-05 17:11:25,"CMWSSB Division 200, Chennai, Tamil Nadu",1775.4,9.5,738.45,85.86,275.77,339.88,2697.54,31.82,66,Cesium,¹³⁷Cs
2026-05-05 17:11:29,"CMWSSB Division 200, Chennai, Tamil Nadu",1773.3,9.5,737.22,84.76,270.79,367.5,2653.66,31.76,66,Cesium,¹³⁷Cs
2026-05-05 17:11:37,"CMWSSB Division 200, Chennai, Tamil Nadu",1772.6,9.5,700.78,89.96,276.42,365.64,2737.61,31.76,67,Cesium,¹³⁷Cs
2026-05-05 17:11:42,"CMWSSB Division 200, Chennai, Tamil Nadu",1773.5,9.5,741.71,87.13,263.27,349.19,2826.51,31.69,66,Cesium,¹³⁷Cs
2026-05-05 17:11:44,"CMWSSB Division 200, Chennai, Tamil Nadu",1768.1,9.5,715.84,90.28,252.92,361.39,2765.73,31.69,66,Cesium,¹³⁷Cs
2026-05-05 17:11:50,"CMWSSB Division 200, Chennai, Tamil Nadu",1765.6,9.5,686.94,86.54,259.67,369.31,2706.04,31.56,64,Cesium,¹³⁷Cs
2026-05-05 17:11:55,"CMWSSB Division 200, Chennai, Tamil Nadu",1765.3,9.5,693.93,86.85,269.91,349.17,2827.72,31.49,64,Cesium,¹³⁷Cs
2026-05-05 17:11:59,"CMWSSB Division 200, Chennai, Tamil Nadu",1764.2,9.5,711.61,91.72,256.92,359.41,2631.55,31.56,67,Cesium,¹³⁷Cs
2026-05-05 17:12:05,"CMWSSB Division 200, Chennai, Tamil Nadu",1764.9,9.5,726.21,87.01,264.52,353.47,2588.51,31.37,65,Cesium,¹³⁷Cs
2026-05-05 17:12:09,"CMWSSB Division 200, Chennai, Tamil Nadu",1763.8,9.5,729.85,92.2,268.37,355.88,2682.61,31.51,68,Cesium,¹³⁷Cs
2026-05-05 17:12:15,"CMWSSB Division 200, Chennai, Tamil Nadu",1761.9,9.5,732.32,92.07,268.37,356.49,2669.11,31.52,68,Cesium,¹³⁷Cs
2026-05-05 17:12:19,"CMWSSB Division 200, Chennai, Tamil Nadu",1761.4,9.5,691.93,88.68,270.53,340.82,2616.71,31.56,65,Cesium,¹³⁷Cs
2026-05-05 17:12:25,"CMWSSB Division 200, Chennai, Tamil Nadu",1760.0,9.5,701.84,87.62,261.0,350.8,2695.05,31.54,65,Cesium,¹³⁷Cs
2026-05-05 17:12:30,"CMWSSB Division 200, Chennai, Tamil Nadu",1760.0,9.5,672.06,88.85,271.3,356.98,2706.55,31.21,65,Cesium,¹³⁷Cs
2026-05-05 17:12:34,"CMWSSB Division 200, Chennai, Tamil Nadu",1760.7,9.5,687.22,90.91,267.0,352.96,2786.48,31.65,66,Cesium,¹³⁷Cs
2026-05-05 17:12:42,"CMWSSB Division 200, Chennai, Tamil Nadu",1759.0,9.5,704.97,85.56,266.78,342.67,2739.61,31.57,64,Cesium,¹³⁷Cs
2026-05-05 17:12:44,"CMWSSB Division 200, Chennai, Tamil Nadu",1760.8,9.5,718.54,85.78,269.87,359.33,2713.11,31.48,65,Cesium,¹³⁷Cs
2026-05-05 17:12:50,"CMWSSB Division 200, Chennai, Tamil Nadu",1759.5,9.5,733.92,84.05,261.05,359.82,2580.94,31.65,65,Cesium,¹³⁷Cs
2026-05-05 17:12:55,"CMWSSB Division 200, Chennai, Tamil Nadu",1758.7,9.5,737.06,85.79,272.64,337.18,2728.59,31.63,65,Cesium,¹³⁷Cs
2026-05-05 17:12:59,"CMWSSB Division 200, Chennai, Tamil Nadu",1759.5,9.5,683.93,90.22,275.27,345.94,2709.75,31.37,65,Cesium,¹³⁷Cs
2026-05-05 17:13:05,"CMWSSB Division 200, Chennai, Tamil Nadu",1759.6,9.5,686.94,92.22,254.02,358.24,2739.88,31.21,66,Cesium,¹³⁷Cs
2026-05-05 17:13:09,"CMWSSB Division 200, Chennai, Tamil Nadu",1760.9,9.5,688.28,84.3,266.6,340.04,2593.79,31.45,63,Cesium,¹³⁷Cs
2026-05-05 17:13:15,"CMWSSB Division 200, Chennai, Tamil Nadu",1759.3,9.5,732.25,84.04,273.13,339.98,2712.1,31.57,64,Cesium,¹³⁷Cs
2026-05-05 17:13:20,"CMWSSB Division 200, Chennai, Tamil Nadu",1759.8,9.5,735.62,87.03,271.82,362.33,2624.14,31.22,66,Cesium,¹³⁷Cs
2026-05-05 17:13:24,"CMWSSB Division 200, Chennai, Tamil Nadu",1760.7,9.5,713.69,91.49,258.24,347.43,2751.79,31.49,66,Cesium,¹³⁷Cs
2026-05-05 17:13:32,"CMWSSB Division 200, Chennai, Tamil Nadu",1759.5,9.5,700.22,91.49,264.94,351.71,2672.38,31.42,66,Cesium,¹³⁷Cs
2026-05-05 17:13:34,"CMWSSB Division 200, Chennai, Tamil Nadu",1759.1,9.5,722.52,86.37,262.72,344.81,2616.06,31.19,65,Cesium,¹³⁷Cs
2026-05-05 17:13:40,"CMWSSB Division 200, Chennai, Tamil Nadu",1759.1,9.5,724.39,91.04,268.71,355.08,2817.94,31.36,67,Cesium,¹³⁷Cs
2026-05-05 17:13:45,"CMWSSB Division 200, Chennai, Tamil Nadu",1758.7,9.5,683.46,91.49,256.93,340.43,2690.64,31.59,65,Cesium,¹³⁷Cs
2026-05-05 17:13:50,"CMWSSB Division 200, Chennai, Tamil Nadu",1759.0,9.5,720.07,91.95,275.39,368.91,2776.4,31.3,68,Cesium,¹³⁷Cs
2026-05-05 17:13:55,"CMWSSB Division 200, Chennai, Tamil Nadu",1758.9,9.5,689.1,84.39,266.62,335.08,2653.19,31.32,63,Cesium,¹³⁷Cs
2026-05-05 17:13:59,"CMWSSB Division 200, Chennai, Tamil Nadu",1759.1,9.5,708.98,89.98,260.37,345.08,2725.23,31.68,65,Cesium,¹³⁷Cs
2026-05-05 17:14:05,"CMWSSB Division 200, Chennai, Tamil Nadu",1759.3,9.5,713.83,91.88,257.52,339.52,2628.37,31.6,66,Cesium,¹³⁷Cs
2026-05-05 17:14:09,"CMWSSB Division 200, Chennai, Tamil Nadu",1759.5,9.5,734.76,86.26,254.19,339.48,2798.86,31.54,65,Cesium,¹³⁷Cs
2026-05-05 17:14:15,"CMWSSB Division 200, Chennai, Tamil Nadu",1759.0,9.5,734.4,89.82,274.46,360.02,2601.97,31.24,67,Cesium,¹³⁷Cs
2026-05-05 17:14:19,"CMWSSB Division 200, Chennai, Tamil Nadu",1758.6,9.5,670.3,89.93,262.59,334.56,2632.66,31.4,64,Cesium,¹³⁷Cs
2026-05-05 17:14:25,"CMWSSB Division 200, Chennai, Tamil Nadu",1758.9,9.5,714.42,86.37,270.67,365.12,2646.97,31.61,65,Cesium,¹³⁷Cs
2026-05-05 17:14:30,"CMWSSB Division 200, Chennai, Tamil Nadu",1758.3,9.5,725.17,84.19,275.59,354.47,2778.39,31.29,65,Cesium,¹³⁷Cs
2026-05-05 17:14:34,"CMWSSB Division 200, Chennai, Tamil Nadu",1758.9,9.5,690.15,90.8,259.93,346.29,2661.48,31.61,65,Cesium,¹³⁷Cs
2026-05-05 17:14:42,"CMWSSB Division 200, Chennai, Tamil Nadu",1758.7,9.5,677.69,91.22,254.29,344.96,2741.17,31.51,65,Cesium,¹³⁷Cs
2026-05-05 17:14:44,"CMWSSB Division 200, Chennai, Tamil Nadu",1758.9,9.5,733.51,89.81,253.12,337.72,2685.98,31.66,66,Cesium,¹³⁷Cs
2026-05-05 17:14:50,"CMWSSB Division 200, Chennai, Tamil Nadu",1760.2,9.5,706.26,89.56,257.05,366.73,2728.77,31.61,66,Cesium,¹³⁷Cs
2026-05-05 17:14:55,"CMWSSB Division 200, Chennai, Tamil Nadu",1760.1,9.5,690.76,85.81,268.42,365.25,2778.52,31.56,64,Cesium,¹³⁷Cs
2026-05-05 17:15:00,"CMWSSB Division 200, Chennai, Tamil Nadu",1761.2,9.5,677.34,91.94,266.7,355.52,2690.43,31.35,66,Cesium,¹³⁷Cs
2026-05-05 17:15:05,"CMWSSB Division 200, Chennai, Tamil Nadu",1760.7,9.5,695.41,89.41,271.14,337.42,2614.81,31.23,65,Cesium,¹³⁷Cs
2026-05-05 17:15:09,"CMWSSB Division 200, Chennai, Tamil Nadu",1760.4,9.5,671.88,90.17,255.93,354.28,2701.92,31.31,64,Cesium,¹³⁷Cs
2026-05-05 17:15:15,"CMWSSB Division 200, Chennai, Tamil Nadu",1760.2,9.5,669.05,88.73,271.88,338.92,2643.76,31.61,64,Cesium,¹³⁷Cs
2026-05-05 17:15:19,"CMWSSB Division 200, Chennai, Tamil Nadu",1760.8,9.5,669.1,84.28,274.98,368.96,2752.82,31.41,63,Cesium,¹³⁷Cs
2026-05-05 17:15:25,"CMWSSB Division 200, Chennai, Tamil Nadu",1761.6,9.5,719.33,88.33,259.25,349.79,2745.26,31.59,65,Cesium,¹³⁷Cs
2026-05-05 17:15:29,"CMWSSB Division 200, Chennai, Tamil Nadu",1762.0,9.5,711.03,90.97,263.7,368.02,2824.15,31.31,67,Cesium,¹³⁷Cs
2026-05-05 17:15:35,"CMWSSB Division 200, Chennai, Tamil Nadu",1761.6,9.5,713.37,88.86,255.58,349.09,2673.38,31.68,65,Cesium,¹³⁷Cs
2026-05-05 17:15:39,"CMWSSB Division 200, Chennai, Tamil Nadu",1760.9,9.5,737.82,85.94,267.93,361.36,2685.05,31.67,66,Cesium,¹³⁷Cs
2026-05-05 17:15:44,"CMWSSB Division 200, Chennai, Tamil Nadu",1760.2,9.5,684.23,86.39,260.52,338.02,2706.19,31.37,63,Cesium,¹³⁷Cs
2026-05-05 17:15:50,"CMWSSB Division 200, Chennai, Tamil Nadu",1761.0,9.5,725.4,88.87,263.82,365.52,2676.76,31.45,66,Cesium,¹³⁷Cs
2026-05-05 17:15:55,"CMWSSB Division 200, Chennai, Tamil Nadu",1763.6,9.5,739.03,84.59,257.58,353.96,2832.36,31.69,65,Cesium,¹³⁷Cs
2026-05-05 17:15:59,"CMWSSB Division 200, Chennai, Tamil Nadu",1761.9,9.5,680.21,85.35,268.4,334.94,2784.97,31.35,63,Cesium,¹³⁷Cs
2026-05-05 17:16:05,"CMWSSB Division 200, Chennai, Tamil Nadu",1761.5,9.5,698.23,90.91,252.58,349.62,2764.72,31.64,65,Cesium,¹³⁷Cs
2026-05-05 17:16:09,"CMWSSB Division 200, Chennai, Tamil Nadu",1762.1,9.5,737.63,84.63,267.13,366.58,2739.39,31.6,65,Cesium,¹³⁷Cs
2026-05-05 17:16:15,"CMWSSB Division 200, Chennai, Tamil Nadu",1761.8,9.5,687.46,85.88,256.57,342.74,2760.67,31.65,63,Cesium,¹³⁷Cs
2026-05-05 17:16:19,"CMWSSB Division 200, Chennai, Tamil Nadu",1761.0,9.5,714.16,90.98,258.93,351.95,2816.27,31.22,66,Cesium,¹³⁷Cs
2026-05-05 17:16:25,"CMWSSB Division 200, Chennai, Tamil Nadu",1762.7,9.5,715.06,85.53,256.31,347.23,2803.56,31.5,64,Cesium,¹³⁷Cs
2026-05-05 17:16:30,"CMWSSB Division 200, Chennai, Tamil Nadu",1761.9,9.5,702.74,88.87,263.13,362.0,2748.56,31.56,65,Cesium,¹³⁷Cs
2026-05-05 17:16:34,"CMWSSB Division 200, Chennai, Tamil Nadu",1765.6,9.5,704.61,91.75,258.32,349.28,2799.52,31.6,66,Cesium,¹³⁷Cs
2026-05-05 17:16:42,"CMWSSB Division 200, Chennai, Tamil Nadu",1764.3,9.5,683.59,90.2,274.36,363.28,2700.88,31.69,66,Cesium,¹³⁷Cs
2026-05-05 17:16:44,"CMWSSB Division 200, Chennai, Tamil Nadu",1763.3,9.5,691.33,85.14,265.11,341.97,2744.03,31.42,63,Cesium,¹³⁷Cs
2026-05-05 17:16:50,"CMWSSB Division 200, Chennai, Tamil Nadu",1764.4,9.5,683.52,92.01,260.17,351.88,2606.27,31.45,66,Cesium,¹³⁷Cs
2026-05-05 17:16:55,"CMWSSB Division 200, Chennai, Tamil Nadu",1763.7,9.5,730.92,92.38,261.22,346.53,2815.97,31.29,67,Cesium,¹³⁷Cs
2026-05-05 17:16:59,"CMWSSB Division 200, Chennai, Tamil Nadu",1765.0,9.5,736.27,84.13,262.07,354.26,2715.56,31.33,65,Cesium,¹³⁷Cs
2026-05-05 17:17:05,"CMWSSB Division 200, Chennai, Tamil Nadu",1762.8,9.5,682.52,84.01,260.13,336.7,2754.69,31.57,62,Cesium,¹³⁷Cs
2026-05-05 17:17:09,"CMWSSB Division 200, Chennai, Tamil Nadu",1764.0,9.5,704.65,85.04,270.33,362.36,2615.6,31.28,64,Cesium,¹³⁷Cs
2026-05-05 17:17:15,"CMWSSB Division 200, Chennai, Tamil Nadu",1765.9,9.5,723.78,89.32,271.98,345.21,2796.89,31.34,66,Cesium,¹³⁷Cs
2026-05-05 17:17:19,"CMWSSB Division 200, Chennai, Tamil Nadu",1766.5,9.5,728.23,90.53,277.95,349.06,2647.53,31.48,67,Cesium,¹³⁷Cs
2026-05-05 17:17:25,"CMWSSB Division 200, Chennai, Tamil Nadu",1766.0,9.5,678.26,89.15,257.78,349.95,2822.4,31.42,64,Cesium,¹³⁷Cs
2026-05-05 17:17:29,"CMWSSB Division 200, Chennai, Tamil Nadu",1765.1,9.5,733.5,90.02,263.16,358.92,2613.69,31.76,67,Cesium,¹³⁷Cs
2026-05-05 17:17:35,"CMWSSB Division 200, Chennai, Tamil Nadu",1766.4,9.5,707.18,85.04,261.85,351.22,2713.92,31.81,64,Cesium,¹³⁷Cs
2026-05-05 17:17:40,"CMWSSB Division 200, Chennai, Tamil Nadu",1766.7,9.5,706.63,92.05,267.86,362.45,2766.88,31.57,67,Cesium,¹³⁷Cs
2026-05-05 17:17:47,"CMWSSB Division 200, Chennai, Tamil Nadu",1767.1,9.5,687.16,85.63,260.24,368.25,2737.58,31.74,64,Cesium,¹³⁷Cs
2026-05-05 17:17:52,"CMWSSB Division 200, Chennai, Tamil Nadu",1764.7,9.5,725.86,84.62,276.65,344.19,2843.04,31.47,65,Cesium,¹³⁷Cs
2026-05-05 17:17:57,"CMWSSB Division 200, Chennai, Tamil Nadu",1765.9,9.5,697.94,87.83,273.08,335.83,2677.62,31.5,65,Cesium,¹³⁷Cs
2026-05-05 17:18:02,"CMWSSB Division 200, Chennai, Tamil Nadu",1769.0,9.5,708.78,88.48,270.16,337.51,2788.31,31.41,65,Cesium,¹³⁷Cs
2026-05-05 17:18:07,"CMWSSB Division 200, Chennai, Tamil Nadu",1769.7,9.5,700.85,86.64,275.45,338.2,2837.75,31.43,64,Cesium,¹³⁷Cs
2026-05-05 17:18:09,"CMWSSB Division 200, Chennai, Tamil Nadu",1769.7,9.5,728.33,91.5,269.03,339.35,2598.78,31.73,67,Cesium,¹³⁷Cs
2026-05-05 17:18:14,"CMWSSB Division 200, Chennai, Tamil Nadu",1768.1,9.5,701.02,89.83,273.97,345.14,2766.86,31.72,66,Cesium,¹³⁷Cs
2026-05-05 17:18:20,"CMWSSB Division 200, Chennai, Tamil Nadu",1769.2,9.5,720.0,87.45,257.76,343.29,2853.88,31.41,65,Cesium,¹³⁷Cs
2026-05-05 17:18:24,"CMWSSB Division 200, Chennai, Tamil Nadu",1768.1,9.5,717.4,90.88,261.88,356.08,2834.64,31.4,67,Cesium,¹³⁷Cs
2026-05-05 17:18:30,"CMWSSB Division 200, Chennai, Tamil Nadu",1767.3,9.5,680.83,89.31,254.0,364.51,2719.16,31.72,65,Cesium,¹³⁷Cs
2026-05-05 17:18:37,"CMWSSB Division 200, Chennai, Tamil Nadu",1768.6,9.5,711.16,89.65,270.09,367.36,2848.42,31.56,67,Cesium,¹³⁷Cs
2026-05-05 17:18:40,"CMWSSB Division 200, Chennai, Tamil Nadu",1768.6,9.5,719.87,85.17,260.28,344.94,2654.51,31.85,64,Cesium,¹³⁷Cs
2026-05-05 17:18:45,"CMWSSB Division 200, Chennai, Tamil Nadu",1765.6,9.5,739.02,90.54,260.43,338.73,2816.96,31.8,67,Cesium,¹³⁷Cs
2026-05-05 17:18:52,"CMWSSB Division 200, Chennai, Tamil Nadu",1766.4,9.5,708.59,85.8,267.95,369.59,2711.48,31.57,65,Cesium,¹³⁷Cs
2026-05-05 17:18:57,"CMWSSB Division 200, Chennai, Tamil Nadu",1767.4,9.5,689.85,91.42,269.23,359.21,2786.17,31.64,66,Cesium,¹³⁷Cs
2026-05-05 17:18:59,"CMWSSB Division 200, Chennai, Tamil Nadu",1765.7,9.5,706.92,90.36,259.69,363.25,2778.08,31.47,66,Cesium,¹³⁷Cs
2026-05-05 17:19:04,"CMWSSB Division 200, Chennai, Tamil Nadu",1766.2,9.5,711.88,88.93,256.44,339.75,2835.79,31.8,65,Cesium,¹³⁷Cs
2026-05-05 17:19:12,"CMWSSB Division 200, Chennai, Tamil Nadu",1767.9,9.5,720.89,89.14,270.47,342.15,2626.31,31.51,66,Cesium,¹³⁷Cs
2026-05-05 17:19:14,"CMWSSB Division 200, Chennai, Tamil Nadu",1765.7,9.5,698.31,86.98,260.62,360.87,2719.55,31.8,65,Cesium,¹³⁷Cs
2026-05-05 17:19:20,"CMWSSB Division 200, Chennai, Tamil Nadu",1769.4,9.5,724.05,88.3,254.69,359.41,2801.85,31.81,66,Cesium,¹³⁷Cs
2026-05-05 17:19:26,"CMWSSB Division 200, Chennai, Tamil Nadu",1770.1,9.5,672.74,91.87,271.33,340.54,2821.24,31.53,65,Cesium,¹³⁷Cs
2026-05-05 17:19:31,"CMWSSB Division 200, Chennai, Tamil Nadu",1769.8,9.5,722.38,90.46,268.78,367.16,2845.69,31.59,67,Cesium,¹³⁷Cs
2026-05-05 17:19:35,"CMWSSB Division 200, Chennai, Tamil Nadu",1770.3,9.5,737.22,86.07,262.02,347.3,2731.49,31.58,65,Cesium,¹³⁷Cs
2026-05-05 17:19:40,"CMWSSB Division 200, Chennai, Tamil Nadu",1771.2,9.5,741.48,90.47,267.61,371.91,2591.5,31.82,68,Cesium,¹³⁷Cs
2026-05-05 17:19:44,"CMWSSB Division 200, Chennai, Tamil Nadu",1770.3,9.5,716.21,92.05,273.68,353.5,2623.7,31.64,67,Cesium,¹³⁷Cs
2026-05-05 17:19:50,"CMWSSB Division 200, Chennai, Tamil Nadu",1770.3,9.5,681.52,88.03,278.36,359.13,2697.53,31.86,65,Cesium,¹³⁷Cs
2026-05-05 17:19:54,"CMWSSB Division 200, Chennai, Tamil Nadu",1771.9,9.5,737.41,90.93,252.85,337.17,2612.49,31.82,67,Cesium,¹³⁷Cs
2026-05-05 17:20:00,"CMWSSB Division 200, Chennai, Tamil Nadu",1772.8,9.5,680.44,84.46,276.2,353.73,2651.0,31.75,63,Cesium,¹³⁷Cs
2026-05-05 17:20:05,"CMWSSB Division 200, Chennai, Tamil Nadu",1773.4,9.5,713.0,90.06,275.35,366.08,2626.44,31.83,67,Cesium,¹³⁷Cs
2026-05-05 17:20:10,"CMWSSB Division 200, Chennai, Tamil Nadu",1770.0,9.5,677.22,92.33,268.6,367.58,2807.42,31.64,66,Cesium,¹³⁷Cs
2026-05-05 17:20:15,"CMWSSB Division 200, Chennai, Tamil Nadu",1770.0,9.5,684.39,86.39,277.85,342.14,2620.52,31.66,64,Cesium,¹³⁷Cs
2026-05-05 17:20:19,"CMWSSB Division 200, Chennai, Tamil Nadu",1770.2,9.5,694.08,87.77,271.48,352.9,2660.73,31.49,65,Cesium,¹³⁷Cs
2026-05-05 17:20:25,"CMWSSB Division 200, Chennai, Tamil Nadu",1769.3,9.5,740.15,91.63,271.18,346.2,2809.65,31.75,68,Cesium,¹³⁷Cs
2026-05-05 17:20:30,"CMWSSB Division 200, Chennai, Tamil Nadu",1771.2,9.5,691.26,90.08,266.34,349.66,2688.56,31.81,65,Cesium,¹³⁷Cs
2026-05-05 17:20:34,"CMWSSB Division 200, Chennai, Tamil Nadu",1771.3,9.5,681.42,89.21,257.96,364.09,2702.82,31.79,65,Cesium,¹³⁷Cs
2026-05-05 17:20:40,"CMWSSB Division 200, Chennai, Tamil Nadu",1773.1,9.5,682.06,91.77,261.38,367.59,2836.65,31.74,66,Cesium,¹³⁷Cs
2026-05-05 17:20:44,"CMWSSB Division 200, Chennai, Tamil Nadu",1774.5,9.5,745.24,84.99,258.51,371.84,2643.49,31.88,66,Cesium,¹³⁷Cs
2026-05-05 17:20:50,"CMWSSB Division 200, Chennai, Tamil Nadu",1773.9,9.5,743.02,88.41,271.8,341.09,2782.36,31.52,67,Cesium,¹³⁷Cs
2026-05-05 17:20:55,"CMWSSB Division 200, Chennai, Tamil Nadu",1773.5,9.5,698.69,85.04,267.0,350.34,2654.51,31.81,64,Cesium,¹³⁷Cs
2026-05-05 17:21:00,"CMWSSB Division 200, Chennai, Tamil Nadu",1774.5,9.5,700.25,89.1,268.52,372.4,2691.79,31.91,66,Cesium,¹³⁷Cs
2026-05-05 17:21:05,"CMWSSB Division 200, Chennai, Tamil Nadu",1774.2,9.5,707.9,84.83,263.19,363.17,2763.46,31.66,64,Cesium,¹³⁷Cs
2026-05-05 17:21:10,"CMWSSB Division 200, Chennai, Tamil Nadu",1774.8,9.5,713.34,92.71,268.88,351.26,2792.12,31.55,67,Cesium,¹³⁷Cs
2026-05-05 17:21:14,"CMWSSB Division 200, Chennai, Tamil Nadu",1773.3,9.5,698.82,86.67,278.54,346.26,2651.02,31.61,65,Cesium,¹³⁷Cs
2026-05-05 17:21:20,"CMWSSB Division 200, Chennai, Tamil Nadu",1773.7,9.5,735.86,86.2,254.3,371.5,2619.23,31.63,66,Cesium,¹³⁷Cs
2026-05-05 17:21:24,"CMWSSB Division 200, Chennai, Tamil Nadu",1775.7,9.5,717.21,84.61,262.84,350.6,2721.7,31.61,64,Cesium,¹³⁷Cs
2026-05-05 17:21:30,"CMWSSB Division 200, Chennai, Tamil Nadu",1771.2,9.5,726.47,87.75,254.0,348.52,2780.8,31.53,65,Cesium,¹³⁷Cs
2026-05-05 17:21:34,"CMWSSB Division 200, Chennai, Tamil Nadu",1774.9,9.5,705.63,91.52,256.03,352.52,2751.37,31.67,66,Cesium,¹³⁷Cs
2026-05-05 17:21:40,"CMWSSB Division 200, Chennai, Tamil Nadu",1774.5,9.5,694.32,91.96,275.47,359.48,2832.61,31.58,67,Cesium,¹³⁷Cs
2026-05-05 17:21:45,"CMWSSB Division 200, Chennai, Tamil Nadu",1774.5,9.5,680.59,86.12,253.95,342.79,2711.15,31.78,63,Cesium,¹³⁷Cs
2026-05-05 17:21:50,"CMWSSB Division 200, Chennai, Tamil Nadu",1773.7,9.5,687.17,84.27,258.59,357.11,2800.38,31.48,63,Cesium,¹³⁷Cs
2026-05-05 17:21:54,"CMWSSB Division 200, Chennai, Tamil Nadu",1775.1,9.5,686.5,86.82,260.29,359.77,2628.46,31.58,64,Cesium,¹³⁷Cs
2026-05-05 17:22:00,"CMWSSB Division 200, Chennai, Tamil Nadu",1773.8,9.5,740.73,91.97,261.29,363.18,2815.78,31.9,68,Cesium,¹³⁷Cs
2026-05-05 17:22:05,"CMWSSB Division 200, Chennai, Tamil Nadu",1775.7,9.5,738.86,91.55,265.02,338.26,2752.01,31.94,67,Cesium,¹³⁷Cs
2026-05-05 17:22:10,"CMWSSB Division 200, Chennai, Tamil Nadu",1776.1,9.5,742.7,85.85,253.98,352.3,2640.18,31.79,65,Cesium,¹³⁷Cs
2026-05-05 17:22:14,"CMWSSB Division 200, Chennai, Tamil Nadu",1776.2,9.5,716.19,87.02,254.06,342.45,2781.11,32.02,65,Cesium,¹³⁷Cs
2026-05-05 17:22:20,"CMWSSB Division 200, Chennai, Tamil Nadu",1776.0,9.5,683.2,91.07,253.1,360.01,2835.04,31.81,66,Cesium,¹³⁷Cs
2026-05-05 17:22:24,"CMWSSB Division 200, Chennai, Tamil Nadu",1775.3,9.5,729.29,89.78,270.23,368.08,2849.14,31.98,67,Cesium,¹³⁷Cs
2026-05-05 17:22:30,"CMWSSB Division 200, Chennai, Tamil Nadu",1776.1,9.5,710.06,89.86,278.99,337.62,2687.7,31.87,66,Cesium,¹³⁷Cs
2026-05-05 17:22:34,"CMWSSB Division 200, Chennai, Tamil Nadu",1776.2,9.5,705.24,91.08,257.91,355.86,2617.62,31.79,66,Cesium,¹³⁷Cs
2026-05-05 17:22:39,"CMWSSB Division 200, Chennai, Tamil Nadu",1775.7,9.5,727.14,84.7,267.46,358.15,2609.17,31.88,65,Cesium,¹³⁷Cs
2026-05-05 17:22:45,"CMWSSB Division 200, Chennai, Tamil Nadu",1776.0,9.5,700.07,91.22,271.7,343.49,2774.96,31.53,66,Cesium,¹³⁷Cs
2026-05-05 17:22:49,"CMWSSB Division 200, Chennai, Tamil Nadu",1775.9,9.5,729.11,89.11,265.55,353.78,2817.58,31.66,67,Cesium,¹³⁷Cs
2026-05-05 17:22:55,"CMWSSB Division 200, Chennai, Tamil Nadu",1776.2,9.5,687.87,89.27,257.76,368.97,2765.2,31.83,65,Cesium,¹³⁷Cs
2026-05-05 17:23:00,"CMWSSB Division 200, Chennai, Tamil Nadu",1775.9,9.5,681.23,87.77,262.39,348.88,2717.62,31.91,64,Cesium,¹³⁷Cs
2026-05-05 17:23:04,"CMWSSB Division 200, Chennai, Tamil Nadu",1775.9,9.5,713.1,90.43,267.66,360.52,2669.05,31.55,67,Cesium,¹³⁷Cs
2026-05-05 17:23:10,"CMWSSB Division 200, Chennai, Tamil Nadu",1776.2,9.5,740.09,85.79,269.71,358.73,2633.81,31.65,66,Cesium,¹³⁷Cs
2026-05-05 17:23:16,"CMWSSB Division 200, Chennai, Tamil Nadu",1775.9,9.5,728.21,87.08,259.01,361.13,2665.9,31.63,66,Cesium,¹³⁷Cs
2026-05-05 17:23:21,"CMWSSB Division 200, Chennai, Tamil Nadu",1775.6,9.5,692.07,89.16,270.95,354.68,2742.3,31.86,65,Cesium,¹³⁷Cs
2026-05-05 17:23:25,"CMWSSB Division 200, Chennai, Tamil Nadu",1776.2,9.5,725.28,91.28,268.32,360.23,2678.34,31.97,67,Cesium,¹³⁷Cs
2026-05-05 17:23:30,"CMWSSB Division 200, Chennai, Tamil Nadu",1776.2,9.5,699.71,92.43,261.4,344.92,2802.49,31.85,66,Cesium,¹³⁷Cs
2026-05-05 17:23:35,"CMWSSB Division 200, Chennai, Tamil Nadu",1776.8,9.5,685.65,89.02,261.75,367.63,2787.02,31.72,65,Cesium,¹³⁷Cs
2026-05-05 17:23:40,"CMWSSB Division 200, Chennai, Tamil Nadu",1775.3,9.5,688.48,88.04,277.68,358.87,2763.29,31.92,65,Cesium,¹³⁷Cs
2026-05-05 17:23:47,"CMWSSB Division 200, Chennai, Tamil Nadu",1776.2,9.5,727.04,87.4,253.8,360.93,2728.7,31.67,66,Cesium,¹³⁷Cs
2026-05-05 17:23:52,"CMWSSB Division 200, Chennai, Tamil Nadu",1774.8,9.5,727.17,89.61,256.37,362.14,2689.68,31.81,67,Cesium,¹³⁷Cs
2026-05-05 17:23:57,"CMWSSB Division 200, Chennai, Tamil Nadu",1778.5,9.5,735.46,85.85,255.36,362.55,2620.21,31.83,66,Cesium,¹³⁷Cs
2026-05-05 17:23:59,"CMWSSB Division 200, Chennai, Tamil Nadu",1775.7,9.5,728.11,86.6,262.55,360.56,2866.65,31.56,66,Cesium,¹³⁷Cs
2026-05-05 17:24:05,"CMWSSB Division 200, Chennai, Tamil Nadu",1775.4,9.5,714.83,87.16,278.59,351.5,2755.49,31.52,66,Cesium,¹³⁷Cs
2026-05-05 17:24:09,"CMWSSB Division 200, Chennai, Tamil Nadu",1776.9,9.5,691.2,93.29,261.28,361.58,2635.21,31.66,67,Cesium,¹³⁷Cs
2026-05-05 17:24:15,"CMWSSB Division 200, Chennai, Tamil Nadu",1785.8,9.5,748.08,93.75,272.14,345.36,2827.57,32.19,69,Cesium,¹³⁷Cs
2026-05-05 17:24:19,"CMWSSB Division 200, Chennai, Tamil Nadu",1784.1,9.5,730.4,92.72,269.75,351.03,2836.67,32.11,68,Cesium,¹³⁷Cs
2026-05-05 17:24:25,"CMWSSB Division 200, Chennai, Tamil Nadu",1784.0,9.5,730.16,88.42,276.82,350.5,2691.19,31.99,67,Cesium,¹³⁷Cs
2026-05-05 17:24:29,"CMWSSB Division 200, Chennai, Tamil Nadu",1781.5,9.5,736.11,89.73,267.21,349.83,2855.57,31.74,67,Cesium,¹³⁷Cs
2026-05-05 17:24:35,"CMWSSB Division 200, Chennai, Tamil Nadu",1782.8,9.5,707.28,86.88,272.91,352.4,2657.24,32.04,65,Cesium,¹³⁷Cs
2026-05-05 17:24:39,"CMWSSB Division 200, Chennai, Tamil Nadu",1781.6,9.5,721.94,91.78,257.89,364.57,2752.82,32.04,67,Cesium,¹³⁷Cs
2026-05-05 17:47:20,a,1788.8,9.5,719.9,85.35,261.19,365.98,2725.43,31.94,65,Cesium,¹³⁷Cs
2026-05-05 17:47:27,a,1787.1,9.5,696.58,85.21,270.19,351.69,2803.71,32.11,64,Cesium,¹³⁷Cs
2026-05-05 17:47:46,a,1791.5,9.5,680.78,86.66,273.57,368.33,2785.36,32.17,65,Cesium,¹³⁷Cs
2026-05-05 17:47:52,a,1787.6,9.5,723.82,85.48,256.16,361.61,2671.87,31.81,65,Cesium,¹³⁷Cs
2026-05-05 17:47:56,a,1788.5,9.5,690.75,86.98,255.85,368.63,2759.18,32.01,65,Cesium,¹³⁷Cs
2026-05-05 17:48:02,a,1789.9,9.5,686.71,89.43,272.38,374.61,2664.16,32.02,66,Cesium,¹³⁷Cs
2026-05-05 17:48:07,a,1794.2,9.5,724.97,88.17,270.36,374.15,2876.29,32.05,67,Cesium,¹³⁷Cs
2026-05-05 17:48:12,a,1795.2,9.5,742.68,90.69,280.18,343.06,2677.98,32.12,68,Cesium,¹³⁷Cs
2026-05-05 17:48:17,a,1789.0,9.5,742.14,88.23,259.69,352.81,2808.05,32.16,67,Cesium,¹³⁷Cs
2026-05-05 17:48:22,a,1789.7,9.5,710.47,87.92,260.5,370.38,2722.77,31.82,66,Cesium,¹³⁷Cs
2026-05-05 17:48:27,a,1790.1,9.5,716.95,85.21,273.68,366.43,2802.17,31.95,66,Cesium,¹³⁷Cs
2026-05-05 17:48:31,a,1792.4,9.5,741.02,89.24,281.28,367.03,2690.84,32.28,68,Cesium,¹³⁷Cs
2026-05-05 17:48:38,a,1787.0,9.5,689.8,85.36,265.01,348.95,2717.64,31.85,64,Cesium,¹³⁷Cs
2026-05-05 17:48:42,a,1789.0,9.5,748.95,86.72,268.5,350.02,2654.88,32.07,67,Cesium,¹³⁷Cs
2026-05-05 17:48:47,a,1794.6,9.5,705.08,94.03,282.42,366.35,2801.27,32.3,69,Cesium,¹³⁷Cs
2026-05-05 17:48:52,a,1795.0,9.5,710.87,88.75,259.55,370.17,2634.12,32.14,66,Cesium,¹³⁷Cs
2026-05-05 17:48:57,a,1788.9,9.5,692.06,93.05,266.84,369.4,2666.07,32.18,67,Cesium,¹³⁷Cs
2026-05-05 17:49:00,a,1790.7,9.5,751.16,88.99,257.12,369.79,2804.82,32.13,68,Cesium,¹³⁷Cs
2026-05-05 17:49:07,a,1787.7,9.5,693.15,91.16,270.11,348.11,2819.0,31.96,66,Cesium,¹³⁷Cs
2026-05-05 17:49:10,a,1783.9,9.5,710.17,89.05,255.24,352.33,2763.79,31.69,66,Cesium,¹³⁷Cs
2026-05-05 17:49:17,a,1789.9,9.5,743.69,92.15,263.95,352.88,2881.24,32.05,68,Cesium,¹³⁷Cs
2026-05-05 17:49:22,a,1788.5,9.5,702.91,86.98,261.41,371.42,2881.04,32.12,65,Cesium,¹³⁷Cs
2026-05-05 17:49:26,a,1787.0,9.5,707.1,93.49,272.94,349.97,2779.68,32.04,68,Cesium,¹³⁷Cs
2026-05-05 17:49:32,a,1785.9,9.5,729.71,93.28,278.9,353.24,2774.38,32.05,69,Cesium,¹³⁷Cs
2026-05-05 17:49:37,a,1787.4,9.5,736.17,91.35,256.13,340.8,2711.01,32.08,67,Cesium,¹³⁷Cs
2026-05-05 17:49:42,a,1785.2,9.5,711.37,88.71,264.79,362.44,2645.08,32.04,66,Cesium,¹³⁷Cs
2026-05-05 17:49:47,a,1785.5,9.5,728.51,86.01,274.85,350.7,2770.02,31.94,66,Cesium,¹³⁷Cs
2026-05-05 17:49:51,a,1791.0,9.5,746.69,91.01,258.42,351.69,2802.8,32.0,68,Cesium,¹³⁷Cs
2026-05-05 17:49:58,a,1786.9,9.5,691.15,88.98,264.88,345.2,2639.35,32.13,65,Cesium,¹³⁷Cs
2026-05-05 17:50:03,a,1790.8,9.5,740.82,86.13,266.62,348.29,2780.83,32.11,66,Cesium,¹³⁷Cs
2026-05-05 17:50:05,a,1791.1,9.5,745.87,86.94,266.58,349.53,2868.42,32.03,66,Cesium,¹³⁷Cs
2026-05-05 17:50:13,a,1794.8,9.5,713.74,92.7,260.85,346.71,2776.15,32.21,67,Cesium,¹³⁷Cs
2026-05-05 17:50:15,a,1788.1,9.5,742.28,89.73,276.42,342.95,2621.09,31.85,67,Cesium,¹³⁷Cs
2026-05-05 17:50:20,a,1790.1,9.5,714.72,89.25,272.12,367.77,2802.6,31.97,67,Cesium,¹³⁷Cs
2026-05-05 17:50:27,a,1791.1,9.5,723.54,89.8,268.19,352.73,2845.75,32.08,67,Cesium,¹³⁷Cs
2026-05-05 17:50:31,a,1794.1,9.5,713.68,92.83,264.39,349.79,2815.25,32.22,68,Cesium,¹³⁷Cs
2026-05-05 17:50:37,a,1794.0,9.5,696.92,86.94,276.0,362.8,2630.34,32.0,66,Cesium,¹³⁷Cs
2026-05-05 17:50:42,a,1794.2,9.5,704.03,88.04,273.39,355.38,2749.65,32.37,66,Cesium,¹³⁷Cs
2026-05-05 17:50:47,a,1796.0,9.5,728.0,86.61,273.01,357.97,2813.78,32.41,66,Cesium,¹³⁷Cs
2026-05-05 17:50:52,a,1793.1,9.5,741.15,88.17,262.0,353.65,2894.8,31.88,67,Cesium,¹³⁷Cs
2026-05-05 17:50:56,a,1791.7,9.5,705.15,89.78,280.37,351.05,2754.34,32.27,67,Cesium,¹³⁷Cs
2026-05-05 17:51:02,a,1795.2,9.5,704.19,94.0,264.98,356.31,2640.69,32.19,68,Cesium,¹³⁷Cs
2026-05-05 17:51:07,a,1792.6,9.5,750.25,91.46,279.82,374.37,2829.91,32.25,69,Cesium,¹³⁷Cs
2026-05-05 17:51:11,a,1797.7,9.5,693.73,87.85,256.45,356.28,2777.35,32.04,65,Cesium,¹³⁷Cs
2026-05-05 17:51:17,a,1795.8,9.5,749.34,91.35,280.81,359.31,2642.84,32.27,69,Cesium,¹³⁷Cs
2026-05-05 17:51:21,a,1792.8,9.5,726.71,90.96,278.09,350.75,2727.34,31.87,68,Cesium,¹³⁷Cs
2026-05-05 17:51:26,a,1797.7,9.5,722.7,92.31,279.67,347.76,2758.96,32.41,68,Cesium,¹³⁷Cs
2026-05-05 17:51:32,a,1796.4,9.5,740.06,93.76,264.32,353.86,2676.01,32.03,69,Cesium,¹³⁷Cs
2026-05-05 17:51:36,a,1797.7,9.5,748.93,88.74,272.81,356.76,2760.4,32.31,68,Cesium,¹³⁷Cs
2026-05-05 17:51:42,a,1797.1,9.5,695.0,91.98,277.65,360.67,2703.13,31.95,67,Cesium,¹³⁷Cs
2026-05-05 17:51:47,a,1799.9,9.5,720.75,92.57,272.83,363.7,2769.05,32.31,68,Cesium,¹³⁷Cs
2026-05-05 17:51:51,a,1798.0,9.5,695.12,93.57,274.84,345.9,2630.56,32.38,67,Cesium,¹³⁷Cs
2026-05-05 17:51:55,a,1799.3,9.5,727.74,93.89,264.42,352.54,2748.98,31.99,69,Cesium,¹³⁷Cs
2026-05-05 17:52:00,a,1797.6,9.5,731.5,90.03,272.13,343.92,2809.38,32.11,67,Cesium,¹³⁷Cs
2026-05-05 17:52:07,a,1797.1,9.5,707.66,93.49,268.71,351.42,2885.92,32.26,68,Cesium,¹³⁷Cs
2026-05-05 17:52:12,a,1801.2,9.5,747.31,88.14,263.79,350.49,2659.62,32.5,67,Cesium,¹³⁷Cs
2026-05-05 17:52:17,a,1797.8,9.5,698.84,87.63,273.64,351.63,2724.63,32.3,66,Cesium,¹³⁷Cs
2026-05-05 17:52:21,a,1798.3,9.5,721.22,90.03,262.0,369.75,2760.9,32.42,67,Cesium,¹³⁷Cs
2026-05-05 17:53:51,a,1797.7,9.5,755.01,90.31,258.12,375.52,2830.49,32.14,69,Cesium,¹³⁷Cs
2026-05-05 17:53:54,a,1801.2,9.5,694.39,93.76,272.27,373.01,2745.8,32.21,68,Cesium,¹³⁷Cs
2026-05-05 17:53:58,a,1796.0,9.5,711.8,85.48,270.09,354.26,2889.14,32.09,65,Cesium,¹³⁷Cs
2026-05-05 17:54:03,a,1798.9,9.5,705.76,87.03,264.23,356.57,2666.18,32.13,65,Cesium,¹³⁷Cs
2026-05-05 17:54:08,a,1800.4,9.5,698.41,89.6,259.45,370.44,2688.68,32.19,66,Cesium,¹³⁷Cs
2026-05-05 17:54:13,a,1802.0,9.5,708.19,92.25,275.64,361.01,2750.71,32.21,68,Cesium,¹³⁷Cs
2026-05-05 17:54:18,a,1802.2,9.5,752.02,91.25,266.17,358.58,2730.81,32.38,69,Cesium,¹³⁷Cs
2026-05-05 17:54:24,a,1802.3,9.5,730.41,86.38,266.75,355.04,2768.1,32.33,66,Cesium,¹³⁷Cs
2026-05-05 17:54:29,a,1800.5,9.5,697.42,91.81,283.04,371.63,2889.9,32.1,68,Cesium,¹³⁷Cs
2026-05-05 17:54:34,a,1803.0,9.5,746.05,92.98,283.53,373.53,2869.01,32.13,70,Cesium,¹³⁷Cs
2026-05-05 17:54:38,a,1801.1,9.5,737.58,87.65,282.83,349.2,2818.69,32.52,67,Cesium,¹³⁷Cs
2026-05-05 17:54:46,a,1802.9,9.5,713.67,89.65,258.14,365.17,2845.08,32.15,67,Cesium,¹³⁷Cs
2026-05-05 17:54:48,a,1794.2,9.5,729.31,93.37,279.35,354.16,2721.76,32.0,69,Cesium,¹³⁷Cs
2026-05-05 17:54:54,a,1804.3,9.5,707.32,92.01,283.66,346.98,2801.73,32.46,68,Cesium,¹³⁷Cs
2026-05-05 17:54:59,a,1806.7,9.5,691.26,89.66,258.82,361.04,2648.27,32.23,66,Cesium,¹³⁷Cs
2026-05-05 17:55:03,a,1805.2,9.5,757.79,86.58,261.7,344.47,2881.47,32.19,67,Cesium,¹³⁷Cs
2026-05-05 17:55:09,a,1803.8,9.5,690.22,94.04,261.31,357.27,2705.22,32.29,67,Cesium,¹³⁷Cs
2026-05-05 17:55:13,a,1809.2,9.5,727.47,91.07,273.14,362.92,2901.54,32.26,68,Cesium,¹³⁷Cs
2026-05-05 17:55:19,a,1807.3,9.5,754.79,89.28,266.44,356.61,2680.89,32.56,68,Cesium,¹³⁷Cs
2026-05-05 17:55:23,a,1803.5,9.5,757.29,92.55,272.24,374.45,2756.73,32.51,70,Cesium,¹³⁷Cs
2026-05-05 17:55:29,a,1806.7,9.5,714.93,93.44,278.98,372.63,2915.85,32.37,69,Cesium,¹³⁷Cs
2026-05-05 17:55:34,a,1805.5,9.5,749.53,90.44,262.3,356.7,2843.69,32.54,68,Cesium,¹³⁷Cs
2026-05-05 17:55:39,a,1797.3,9.5,710.2,85.93,279.98,373.52,2780.18,32.24,66,Cesium,¹³⁷Cs
2026-05-05 17:55:44,a,1794.4,9.5,700.55,88.76,279.84,364.42,2833.94,32.04,66,Cesium,¹³⁷Cs
2026-05-05 17:55:50,a,1782.6,9.5,743.48,89.1,278.08,338.71,2706.54,31.66,67,Cesium,¹³⁷Cs
2026-05-05 17:55:54,a,1787.8,9.5,728.12,92.52,271.22,352.59,2652.88,32.09,68,Cesium,¹³⁷Cs
2026-05-05 17:55:58,a,1796.8,9.5,733.93,90.32,277.08,355.46,2755.56,32.36,68,Cesium,¹³⁷Cs
2026-05-05 17:56:03,a,1795.6,9.5,740.35,90.4,278.84,368.81,2874.0,32.4,69,Cesium,¹³⁷Cs
2026-05-05 17:56:09,a,1800.7,9.5,705.85,93.32,267.66,374.45,2688.06,32.15,68,Cesium,¹³⁷Cs
2026-05-05 17:56:13,a,1793.7,9.5,733.85,88.18,277.05,368.71,2831.45,32.01,67,Cesium,¹³⁷Cs
2026-05-05 17:56:19,a,1799.0,9.5,712.58,90.72,273.05,345.96,2693.91,32.16,67,Cesium,¹³⁷Cs
2026-05-05 17:56:24,a,1798.2,9.5,699.69,87.34,280.59,342.39,2804.85,32.09,65,Cesium,¹³⁷Cs
2026-05-05 17:56:28,a,1803.0,9.5,697.69,87.28,283.91,349.12,2700.56,32.24,66,Cesium,¹³⁷Cs
2026-05-05 17:56:34,a,1805.3,9.5,728.23,87.76,276.58,356.83,2672.6,32.46,67,Cesium,¹³⁷Cs
2026-05-05 17:56:38,a,1803.8,9.5,731.64,93.3,263.65,376.6,2831.03,32.37,69,Cesium,¹³⁷Cs
2026-05-05 17:56:44,a,1806.8,9.5,690.02,87.49,284.28,372.8,2833.96,32.21,66,Cesium,¹³⁷Cs
2026-05-05 17:56:49,a,1802.2,9.5,751.44,86.77,266.1,373.59,2643.95,32.23,67,Cesium,¹³⁷Cs
2026-05-05 17:56:53,a,1800.1,9.5,711.56,91.6,257.33,352.88,2802.4,32.46,67,Cesium,¹³⁷Cs
2026-05-05 17:57:01,a,1799.6,9.5,686.82,85.86,259.11,351.59,2715.75,32.37,64,Cesium,¹³⁷Cs
2026-05-05 17:57:03,a,1794.2,9.5,711.6,85.48,256.81,373.65,2879.67,32.01,65,Cesium,¹³⁷Cs
2026-05-05 17:57:09,a,1799.8,9.5,711.33,90.59,268.36,370.46,2691.67,32.21,67,Cesium,¹³⁷Cs
2026-05-05 17:57:14,a,1799.0,9.5,695.1,87.21,260.07,368.72,2673.15,32.37,65,Cesium,¹³⁷Cs
2026-05-05 17:57:18,a,1797.0,9.5,751.89,93.66,272.82,345.08,2644.31,31.96,69,Cesium,¹³⁷Cs
2026-05-05 17:57:24,a,1794.8,9.5,746.06,88.8,282.46,357.71,2714.25,31.97,68,Cesium,¹³⁷Cs
2026-05-05 17:57:28,a,1796.8,9.5,693.18,89.15,266.96,348.84,2787.32,32.3,66,Cesium,¹³⁷Cs
2026-05-05 17:57:34,a,1802.5,9.5,691.92,85.71,272.8,349.74,2799.42,32.54,65,Cesium,¹³⁷Cs
2026-05-05 17:57:38,a,1799.7,9.5,701.08,92.55,256.6,346.61,2791.62,32.41,67,Cesium,¹³⁷Cs
2026-05-05 17:57:44,a,1800.6,9.5,746.77,87.09,269.89,354.02,2665.11,32.05,67,Cesium,¹³⁷Cs
2026-05-05 17:57:48,a,1801.6,9.5,710.73,94.32,268.89,349.06,2768.38,32.24,68,Cesium,¹³⁷Cs
2026-05-05 17:57:54,a,1795.8,9.5,706.94,88.73,277.02,350.25,2839.55,32.18,66,Cesium,¹³⁷Cs
2026-05-05 17:57:59,a,1802.5,9.5,747.69,87.54,262.78,377.13,2651.86,32.13,68,Cesium,¹³⁷Cs
2026-05-05 17:58:03,a,1802.1,9.5,697.66,93.89,264.07,364.11,2715.12,32.42,68,Cesium,¹³⁷Cs
2026-05-05 17:58:09,a,1797.2,9.5,728.07,94.18,268.29,375.81,2775.7,32.35,69,Cesium,¹³⁷Cs
2026-05-05 17:58:13,a,1794.3,9.5,693.07,87.04,260.44,358.14,2870.49,32.07,65,Cesium,¹³⁷Cs
2026-05-05 17:58:19,a,1797.9,9.5,704.4,92.74,256.65,371.21,2754.92,32.12,68,Cesium,¹³⁷Cs
2026-05-05 17:58:23,a,1798.2,9.5,690.19,87.38,276.42,363.16,2703.99,32.31,66,Cesium,¹³⁷Cs
2026-05-05 17:58:29,a,1799.0,9.5,721.89,86.44,260.24,347.12,2844.44,32.26,65,Cesium,¹³⁷Cs
2026-05-05 17:58:33,a,1795.6,9.5,747.41,89.79,269.06,368.02,2638.73,32.31,68,Cesium,¹³⁷Cs
2026-05-05 17:58:39,a,1795.0,9.5,737.55,86.37,263.27,358.84,2877.8,32.02,66,Cesium,¹³⁷Cs
2026-05-05 17:58:44,a,1797.0,9.5,691.63,85.62,267.93,357.88,2708.39,32.09,65,Cesium,¹³⁷Cs
2026-05-05 17:58:48,a,1796.0,9.5,738.66,88.37,263.62,369.16,2714.48,32.04,67,Cesium,¹³⁷Cs
2026-05-05 17:58:53,a,1793.9,9.5,724.49,92.44,273.7,350.44,2659.12,32.31,68,Cesium,¹³⁷Cs
2026-05-05 17:58:58,a,1794.4,9.5,729.04,86.68,265.98,351.56,2755.67,32.34,66,Cesium,¹³⁷Cs
2026-05-05 17:59:06,a,1794.7,9.5,685.73,90.19,281.17,344.77,2631.93,31.93,66,Cesium,¹³⁷Cs
2026-05-05 17:59:08,a,1794.7,9.5,751.49,91.37,262.48,359.88,2743.79,32.03,68,Cesium,¹³⁷Cs
2026-05-05 17:59:16,a,1796.3,9.5,730.91,94.0,265.39,372.41,2633.8,32.23,69,Cesium,¹³⁷Cs
2026-05-05 17:59:18,a,1796.7,9.5,749.53,89.73,268.68,363.86,2791.97,32.25,68,Cesium,¹³⁷Cs
2026-05-05 17:59:24,a,1800.6,9.5,709.89,89.54,278.19,363.83,2704.3,32.27,67,Cesium,¹³⁷Cs
2026-05-05 17:59:29,a,1797.4,9.5,722.92,93.31,260.36,357.19,2688.57,32.23,68,Cesium,¹³⁷Cs
2026-05-05 17:59:33,a,1795.2,9.5,741.06,91.15,267.69,375.23,2787.07,32.07,69,Cesium,¹³⁷Cs
2026-05-05 17:59:39,a,1800.8,9.5,755.26,90.83,263.7,346.65,2743.96,32.03,68,Cesium,¹³⁷Cs
2026-05-05 17:59:44,a,1798.2,9.5,747.99,89.37,260.65,342.63,2712.85,32.15,67,Cesium,¹³⁷Cs
2026-05-05 17:59:49,a,1799.5,9.5,695.58,91.2,259.22,359.38,2848.28,32.16,67,Cesium,¹³⁷Cs
2026-05-05 17:59:53,a,1796.4,9.5,683.53,87.41,275.47,357.74,2755.65,31.99,65,Cesium,¹³⁷Cs
2026-05-05 17:59:59,a,1797.5,9.5,699.01,87.45,275.76,367.25,2770.28,32.43,66,Cesium,¹³⁷Cs
2026-05-05 18:00:03,a,1798.3,9.5,722.75,85.98,277.38,355.98,2846.67,32.13,66,Cesium,¹³⁷Cs
2026-05-05 18:00:09,a,1796.6,9.5,723.62,92.86,261.7,355.89,2887.18,32.23,68,Cesium,¹³⁷Cs
2026-05-05 18:00:14,a,1796.3,9.5,721.22,87.26,276.15,358.02,2743.32,32.01,66,Cesium,¹³⁷Cs
2026-05-05 18:00:19,a,1797.2,9.5,717.36,91.74,275.12,370.21,2731.58,32.03,68,Cesium,¹³⁷Cs
2026-05-05 18:00:24,a,1798.0,9.5,725.92,87.44,277.47,350.53,2785.19,31.99,66,Cesium,¹³⁷Cs
2026-05-05 18:00:29,a,1789.5,9.5,742.08,88.06,281.05,349.11,2771.37,31.81,67,Cesium,¹³⁷Cs
2026-05-05 18:00:33,a,1793.5,9.5,749.33,87.77,282.12,351.34,2672.26,31.99,67,Cesium,¹³⁷Cs
2026-05-05 18:00:39,a,1791.8,9.5,716.03,87.79,280.02,345.33,2788.64,32.15,66,Cesium,¹³⁷Cs
2026-05-05 18:00:43,a,1790.2,9.5,747.72,88.36,270.21,369.24,2777.3,32.29,68,Cesium,¹³⁷Cs
2026-05-05 18:00:49,a,1791.6,9.5,729.13,86.45,281.15,345.42,2622.13,32.28,66,Cesium,¹³⁷Cs
2026-05-05 18:00:53,a,1786.8,9.5,725.67,85.22,259.59,355.11,2750.8,32.0,65,Cesium,¹³⁷Cs
2026-05-05 18:00:59,a,1781.8,9.5,739.41,87.1,261.2,347.69,2843.57,31.97,66,Cesium,¹³⁷Cs
2026-05-05 18:01:04,a,1782.7,9.5,693.53,89.84,268.87,346.84,2726.72,31.85,66,Cesium,¹³⁷Cs
2026-05-05 18:01:08,a,1776.0,9.5,697.96,86.61,270.66,370.49,2862.25,31.8,65,Cesium,¹³⁷Cs
2026-05-05 18:01:13,a,1781.5,9.5,732.67,91.01,257.61,353.2,2814.96,32.08,67,Cesium,¹³⁷Cs
2026-05-05 18:01:21,a,1784.0,9.5,702.27,86.77,280.21,348.26,2819.62,31.78,65,Cesium,¹³⁷Cs
2026-05-05 18:01:24,a,1785.7,9.5,746.67,85.64,263.76,363.24,2823.37,32.06,66,Cesium,¹³⁷Cs
2026-05-05 18:01:28,a,1792.2,9.5,725.91,91.89,260.17,341.49,2623.2,31.85,67,Cesium,¹³⁷Cs
2026-05-05 18:01:34,a,1796.1,9.5,687.91,89.92,276.82,369.74,2840.66,32.42,67,Cesium,¹³⁷Cs
2026-05-05 18:01:39,a,1795.5,9.5,693.26,91.01,275.61,349.4,2770.84,32.31,67,Cesium,¹³⁷Cs
2026-05-05 18:01:46,a,1799.2,9.5,686.59,86.74,276.37,348.46,2669.66,31.99,65,Cesium,¹³⁷Cs
2026-05-05 18:01:49,a,1801.1,9.5,689.85,85.6,272.44,376.89,2780.86,32.28,65,Cesium,¹³⁷Cs
2026-05-05 18:01:53,a,1807.7,9.5,725.67,88.37,277.35,372.8,2871.94,32.59,68,Cesium,¹³⁷Cs
2026-05-05 18:01:59,a,1805.9,9.5,708.6,94.44,260.26,376.37,2717.69,32.57,69,Cesium,¹³⁷Cs
2026-05-05 18:02:04,a,1807.2,9.5,697.64,87.97,266.66,367.57,2721.26,32.55,66,Cesium,¹³⁷Cs
2026-05-05 18:02:08,a,1810.4,9.5,755.15,94.03,270.29,375.85,2840.36,32.64,71,Cesium,¹³⁷Cs
2026-05-05 18:02:14,a,1815.1,9.5,703.72,87.52,266.9,378.6,2670.53,32.66,67,Cesium,¹³⁷Cs
2026-05-05 18:02:18,a,1816.6,9.5,741.68,91.43,280.29,374.23,2799.14,32.34,70,Cesium,¹³⁷Cs
2026-05-05 18:02:24,a,1817.0,9.5,706.87,92.68,264.14,373.37,2742.19,32.69,68,Cesium,¹³⁷Cs
2026-05-05 18:02:28,a,1820.0,9.5,748.92,91.25,261.29,354.34,2876.19,32.47,69,Cesium,¹³⁷Cs
2026-05-05 18:02:34,a,1814.9,9.5,750.44,90.32,259.15,347.6,2661.58,32.71,68,Cesium,¹³⁷Cs
2026-05-05 18:02:38,a,1815.7,9.5,730.67,88.92,278.36,353.93,2761.75,32.32,68,Cesium,¹³⁷Cs
2026-05-05 18:02:46,a,1823.2,9.5,742.4,94.86,278.33,366.7,2884.09,32.7,71,Cesium,¹³⁷Cs
2026-05-05 18:02:48,a,1821.9,9.5,707.83,86.95,276.93,348.74,2695.67,32.59,66,Cesium,¹³⁷Cs
2026-05-05 18:02:53,a,1823.1,9.5,733.32,90.91,280.84,370.58,2859.25,32.91,69,Cesium,¹³⁷Cs
2026-05-05 18:02:58,a,1825.9,9.5,712.35,93.48,285.49,382.75,2762.72,33.02,70,Cesium,¹³⁷Cs
2026-05-05 18:03:03,a,1821.5,9.5,710.6,92.64,276.37,381.95,2765.04,32.7,69,Cesium,¹³⁷Cs
2026-05-05 18:03:09,a,1826.3,9.5,748.94,92.47,267.69,354.57,2820.53,32.87,69,Cesium,¹³⁷Cs
2026-05-05 18:03:14,a,1825.9,9.5,756.05,90.77,261.79,374.2,2715.38,32.81,69,Cesium,¹³⁷Cs
2026-05-05 18:03:19,a,1827.2,9.5,709.24,93.9,284.38,369.14,2873.91,32.96,69,Cesium,¹³⁷Cs
2026-05-05 18:03:23,a,1829.2,9.5,713.61,94.76,271.52,382.6,2792.28,32.74,70,Cesium,¹³⁷Cs
2026-05-05 18:03:29,a,1829.9,9.5,761.7,95.63,269.47,371.75,2914.11,33.07,72,Cesium,¹³⁷Cs
2026-05-05 18:03:34,a,1829.5,9.5,746.82,93.21,282.73,376.62,2863.61,32.59,71,Cesium,¹³⁷Cs
2026-05-05 18:03:39,a,1828.8,9.5,762.92,88.9,286.39,365.92,2695.12,32.8,69,Cesium,¹³⁷Cs
2026-05-05 18:03:43,a,1828.9,9.5,710.26,92.6,273.1,364.53,2853.65,32.95,69,Cesium,¹³⁷Cs
2026-05-05 18:03:49,a,1827.5,9.5,759.72,87.36,280.77,372.13,2883.23,32.64,69,Cesium,¹³⁷Cs
2026-05-05 18:03:53,a,1823.7,9.5,760.08,94.7,284.98,354.07,2901.55,32.57,71,Cesium,¹³⁷Cs
2026-05-05 18:03:59,a,1826.5,9.5,728.55,93.02,279.99,347.09,2929.62,32.59,69,Cesium,¹³⁷Cs
2026-05-05 18:04:04,a,531.8,7.48,212.17,27.3,76.33,102.97,797.18,6.98,1,Radium,²²⁶Ra
2026-05-05 18:04:08,a,329.5,6.79,131.08,15.87,51.68,66.68,512.89,2.67,0,Radon,²²²Rn
2026-05-05 18:04:14,a,377.2,6.92,151.33,19.11,55.59,77.62,556.25,3.8,0,Radon,²²²Rn
2026-05-05 18:04:18,a,1227.3,8.64,504.78,59.09,185.8,255.17,1977.28,20.84,29,Strontium,⁹⁰Sr
2026-05-05 18:04:24,a,650.5,7.97,261.85,32.64,102.22,130.89,1048.15,9.08,5,Radium,²²⁶Ra
2026-05-05 18:04:28,a,658.5,7.46,272.48,34.39,100.74,133.37,1005.36,9.23,5,Radium,²²⁶Ra
2026-05-05 18:04:34,a,658.5,7.69,267.87,32.19,93.9,134.46,1003.75,9.29,5,Radium,²²⁶Ra
2026-05-05 18:04:39,a,658.5,7.95,259.31,31.59,101.74,132.58,1063.6,9.49,5,Radium,²²⁶Ra
2026-05-05 18:04:43,a,438.2,7.03,180.02,21.39,64.78,87.66,679.98,4.9,0,Radon,²²²Rn
2026-05-05 18:04:49,a,537.0,7.21,213.09,26.78,80.82,108.54,857.09,6.88,1,Radium,²²⁶Ra
2026-05-05 18:04:53,a,658.5,7.55,270.05,33.72,103.12,135.83,1055.65,9.43,5,Radium,²²⁶Ra
2026-05-05 18:04:59,a,658.5,7.62,251.01,33.85,103.65,138.1,978.38,9.66,4,Radium,²²⁶Ra
2026-05-05 18:05:03,a,631.8,7.7,246.72,31.87,97.28,131.01,978.11,8.98,4,Radium,²²⁶Ra
2026-05-05 18:05:09,a,658.5,7.98,273.92,32.93,94.83,137.0,1015.77,9.25,5,Radium,²²⁶Ra
2026-05-05 18:05:14,a,658.5,7.42,271.66,33.61,95.84,129.73,1032.42,9.45,5,Radium,²²⁶Ra
2026-05-05 18:05:19,a,1653.9,9.5,642.07,85.29,245.47,323.18,2466.15,29.25,59,Cesium,¹³⁷Cs
2026-05-05 18:05:23,a,1826.6,9.5,736.36,94.77,264.92,379.15,2747.45,32.94,70,Cesium,¹³⁷Cs
2026-05-05 18:05:29,a,379.4,7.14,156.04,19.88,58.82,76.11,577.95,3.82,0,Radon,²²²Rn
2026-05-05 18:05:33,a,1834.7,9.5,753.32,87.89,261.59,369.91,2862.92,33.03,68,Cesium,¹³⁷Cs
2026-05-05 18:05:39,a,1834.8,9.5,722.51,87.53,272.52,379.03,2937.6,32.95,68,Cesium,¹³⁷Cs
2026-05-05 18:05:43,a,658.5,7.73,258.41,34.21,98.36,134.62,1016.45,9.18,5,Radium,²²⁶Ra
2026-05-05 18:10:33,a,2417.5,9.5,1010.48,122.56,368.95,471.34,3849.78,44.77,83,Cesium,¹³⁷Cs
2026-05-05 18:10:38,a,2417.5,9.5,930.58,126.57,372.37,473.66,3675.31,44.44,83,Cesium,¹³⁷Cs
2026-05-06 00:23:11,kelambakkam,39.2,6.6,15.16,1.93,6.01,7.92,59.4,0.44,0,None Detected,—
2026-05-06 00:23:26,kelambakkam,19.2,6.72,7.47,0.99,2.77,3.84,29.85,0.46,0,None Detected,—
2026-05-06 10:53:47,chennai,450.0,9.0,250.0,50.0,245.0,91.68,673.36,5.42,7,Radon,²²²Rn
2026-05-06 11:22:43,chennai,450.0,9.0,250.0,220.0,150.0,91.37,718.06,5.05,26,Radon,²²²Rn
